prov_ubie;cant_ubie;parr_ubie;clase;tipo;entidad;sector;dotmedic;dotcirug;dotginob;dotpedia;dotcardi;dotneumo;dotpsiqu;dottraum;dotinfec;dotoftal;doturolo;dotgast;dototrse;dotserin;dotemerg;dotcinte;dismedic;discirug;disginob;dispedia;discardi;disneumo;dispsiqu;distraum;disinfec;disoftal;disurolo;disgast;disotrse;disserin;disemerg;discinte;camas_dnor;camas_disp;falmen48;falmas48;dia_estad;dias_cdis;totegres
09;0901;090150;12;3;18;2;2;2;3;0;1;0;0;1;0;0;0;1;0;0;2;0;2;2;3;0;1;0;0;1;0;0;0;1;0;0; ; ;10;10;0;3;318;3660;171
01;0103;010350;1;5;1;1;9;6;5;5;0;0;0;0;0;0;0;0;0;0;0;0;9;6;5;5;0;0;0;0;0;0;0;0;0;0; ; ;25;25;17;12;5911;9125;2405
01;0105;010550;1;5;1;1;10;8;8;4;0;0;0;0;0;0;0;0;0;0;0;0;10;7;5;6;0;0;0;0;0;0;0;0;0;0; ; ;30;28;9;8;6172;10220;2637
01;0108;010850;1;5;1;1;6;3;3;3;0;0;0;0;0;0;0;0;0;0;0;0;6;3;3;3;0;0;0;0;0;0;0;0;0;0; ; ;15;15;3;8;3439;5475;1243
01;0109;010950;1;5;1;1;8;2;3;5;0;0;0;0;0;0;0;0;0;0;0;0;8;2;3;5;0;0;0;0;0;0;0;0;0;0; ; ;18;18;5;6;4401;6570;1346
01;0101;010107;2;1;1;1;61;65;51;70;0;0;0;0;0;0;0;0;25;0;12;7;48;58;44;55;0;0;0;0;0;0;0;0;25;0; ; ;272;230;88;337;71459;83950;16008
01;0101;010150;7;2;1;1;0;0;5;0;0;0;0;0;0;0;0;0;0;0;0;0;0;0;5;0;0;0;0;0;0;0;0;0;0;0; ; ;5;5;0;0;191;1825;162
01;0102;010250;1;5;1;1;6;3;3;3;0;0;0;0;0;0;0;0;0;0;0;0;6;3;3;3;0;0;0;0;0;0;0;0;0;0; ; ;15;15;6;11;3885;5475;1403
01;0101;010150;2;1;6;1;14;70;24;16;22;5;0;15;11;7;11;11;65;0;2;0;14;70;24;16;22;5;0;15;7;7;11;11;65;0; ; ;271;267;152;442;86388;98002;19149
01;0101;010150;2;1;3;1;14;7;3;6;0;0;0;6;0;0;0;0;0;0;0;0;13;7;3;6;0;0;0;6;0;0;0;0;0;0; ; ;36;35;2;3;1903;12749;571
01;0101;010150;8;2;15;3;0;37;22;36;0;0;0;0;0;0;0;0;0;0;8;8;0;34;22;32;0;0;0;0;0;0;0;0;0;0; ; ;95;88;13;33;16351;32084;3683
01;0101;010150;1;5;11;1;0;0;0;8;0;0;0;0;0;0;0;0;0;9;0;0;0;0;0;8;0;0;0;0;0;0;0;0;0;9; ; ;17;17;2;12;4042;6222;1266
02;0201;020150;2;1;1;1;22;23;30;25;0;0;0;0;0;0;0;0;10;0;0;2;22;23;30;25;0;0;0;0;0;0;0;0;10;0; ; ;110;110;24;46;20921;40150;5490
02;0205;020550;1;5;1;1;5;2;5;3;0;0;0;0;0;0;0;0;0;0;0;0;3;1;3;2;0;0;0;0;0;0;0;0;0;0; ; ;15;9;0;0;1967;3285;762
02;0202;020250;1;5;1;1;6;3;3;3;0;0;0;0;0;0;0;0;0;0;3;0;4;3;3;4;0;0;0;0;0;0;0;0;0;0; ; ;15;14;2;4;3062;5110;1182
02;0201;020150;1;5;6;1;4;5;2;1;1;0;0;1;0;0;0;1;0;0;5;0;4;5;2;1;1;0;0;1;0;0;0;1;0;0; ; ;15;15;7;6;5860;6954;1487
03;0304;030450;1;5;1;1;7;7;12;6;0;0;0;0;0;0;0;0;0;0;0;0;7;7;12;6;0;0;0;0;0;0;0;0;0;0; ; ;32;32;12;15;8499;11680;3222
03;0301;030150;2;1;1;1;42;24;36;23;0;0;0;9;0;0;0;0;12;0;11;4;42;24;36;23;0;0;0;9;0;0;0;0;12;0; ; ;146;146;59;119;30743;53290;9160
03;0303;030350;1;5;1;1;18;7;9;16;0;0;0;0;0;0;0;0;0;0;0;0;16;7;9;15;0;0;0;0;0;0;0;0;0;0; ; ;50;47;8;11;8370;17155;2936
04;0401;040150;2;1;1;1;25;25;56;40;0;0;0;0;0;0;0;0;16;0;21;4;25;25;56;40;0;0;0;0;0;0;0;0;16;0; ; ;162;162;36;72;29091;59130;6885
04;0405;040550;1;5;1;1;10;0;11;4;0;0;0;0;0;0;0;0;0;0;0;0;10;0;11;4;0;0;0;0;0;0;0;0;0;0; ; ;25;25;2;0;2928;9125;1260
04;0403;040350;1;5;1;1;6;0;7;2;0;0;0;0;0;0;0;0;0;0;0;0;6;0;7;2;0;0;0;0;0;0;0;0;0;0; ; ;15;15;1;2;1473;5475;677
05;0501;050150;2;1;1;1;32;60;36;34;0;0;0;34;0;0;0;0;6;0;0;0;24;34;36;33;0;0;0;24;0;0;0;0;6;0; ; ;202;157;50;82;34407;57305;9482
05;0504;050450;1;5;1;1;5;0;5;5;0;0;0;0;0;0;0;0;0;0;0;0;5;0;5;5;0;0;0;0;0;0;0;0;0;0; ; ;15;15;0;1;3461;5475;1290
05;0505;050550;1;5;1;1;4;3;5;3;0;0;0;0;0;0;0;0;0;0;0;0;4;3;5;3;0;0;0;0;0;0;0;0;0;0; ; ;15;15;0;3;2820;5475;1174
05;0503;050350;1;5;1;1;8;0;4;3;0;0;0;0;0;0;0;0;0;0;0;0;8;0;4;3;0;0;0;0;0;0;0;0;0;0; ; ;15;15;1;0;1888;5475;578
05;0504;050458;1;5;1;1;16;0;6;10;0;0;0;0;8;0;0;0;0;0;0;0;16;0;6;10;0;0;0;0;8;0;0;0;0;0; ; ;40;40;3;2;5321;14600;1744
05;0501;050150;2;1;6;1;16;13;14;14;5;0;2;13;0;1;2;4;9;0;11;0;16;13;14;14;5;0;2;13;0;1;2;4;9;0; ; ;93;93;13;28;22409;34034;6113
05;0501;050150;1;5;3;1;0;0;0;7;0;0;0;0;0;0;0;0;0;9;0;0;0;0;0;7;0;0;0;0;0;0;0;0;0;9; ; ;16;16;0;0;389;5840;214
06;0602;060250;1;5;1;1;22;24;10;14;0;0;0;0;0;0;0;0;0;0;0;0;20;8;10;7;0;0;0;0;0;0;0;0;0;0; ; ;70;45;3;2;6713;16425;1833
06;0605;060550;1;5;1;1;6;2;3;4;0;0;0;0;0;0;0;0;0;0;0;0;6;2;3;4;0;0;0;0;0;0;0;0;0;0; ; ;15;15;3;6;3739;5475;1342
06;0603;060350;1;5;1;1;10;5;6;4;0;0;0;0;0;0;0;0;0;0;0;0;10;5;6;4;0;0;0;0;0;0;0;0;0;0; ; ;25;25;2;4;3141;9125;983
06;0606;060650;1;5;1;1;6;0;5;4;0;0;0;0;0;0;0;0;0;0;0;0;6;0;5;4;0;0;0;0;0;0;0;0;0;0; ; ;15;15;1;1;2810;5475;1009
06;0601;060150;2;1;1;1;50;52;72;40;0;0;0;0;0;0;0;0;6;0;0;0;48;49;66;35;0;0;0;0;0;0;0;0;6;0; ; ;220;204;74;185;51482;74460;12572
06;0601;060150;5;1;1;1;22;5;0;3;0;0;0;0;6;0;0;0;0;0;0;0;22;5;0;3;0;0;0;0;6;0;0;0;0;0; ; ;36;36;1;4;6882;13140;1698
06;0601;060151;2;1;6;1;23;23;16;11;0;0;2;13;0;2;9;1;34;0;0;0;23;23;16;11;0;0;2;13;0;2;9;1;34;0; ; ;134;134;81;168;38181;48910;10761
06;0601;060150;8;2;15;3;0;0;0;0;0;0;0;0;0;0;0;0;0;28;0;2;0;0;0;0;0;0;0;0;0;0;0;0;0;28; ; ;28;28;0;2;832;10220;247
06;0601;060151;2;1;3;1;15;4;6;5;0;0;0;5;0;0;0;0;0;0;3;0;15;4;6;5;0;0;0;5;0;0;0;0;0;0; ; ;35;35;0;2;2305;12775;816
07;0701;070150;2;1;1;1;52;30;47;57;0;0;0;20;0;0;0;0;8;0;0;6;31;15;45;50;0;0;0;15;0;0;0;0;9;0; ; ;214;165;35;145;48201;60225;9992
07;0706;070650;1;5;1;1;8;4;11;10;0;0;0;0;0;0;0;0;0;0;0;0;8;4;11;10;0;0;0;0;0;0;0;0;0;0; ; ;33;33;5;14;7442;12045;2245
07;0709;070950;1;5;1;1;14;14;21;10;0;0;0;0;0;0;0;0;6;0;0;0;14;14;21;10;0;0;0;0;0;0;0;0;6;0; ; ;65;65;10;48;16882;23725;4580
07;0712;071250;4;1;1;1;0;0;38;20;0;0;0;0;0;0;0;0;0;0;0;0;0;0;38;20;0;0;0;0;0;0;0;0;0;0; ; ;58;58;9;19;12060;21170;3188
07;0712;071250;1;5;1;1;26;14;0;10;0;0;0;0;0;0;0;0;0;0;0;0;26;14;0;10;0;0;0;0;0;0;0;0;0;0; ; ;50;50;37;34;7165;18250;1793
07;0702;070250;1;5;1;1;6;2;7;3;0;0;0;0;0;0;0;0;0;0;0;0;6;2;7;3;0;0;0;0;0;0;0;0;0;0; ; ;18;18;6;2;3565;6570;1380
07;0707;070750;1;5;1;1;9;10;12;9;0;0;0;0;0;0;0;0;0;0;0;0;9;10;12;9;0;0;0;0;0;0;0;0;0;0; ; ;40;40;6;5;7303;14600;2573
07;0710;071050;1;5;1;1;6;4;6;3;0;0;0;0;0;0;0;0;0;0;0;0;6;4;6;3;0;0;0;0;0;0;0;0;0;0; ; ;19;19;2;4;3308;6935;1306
07;0713;071350;1;5;1;1;8;8;6;3;0;0;0;0;0;0;0;0;0;0;3;0;8;8;6;3;0;0;0;0;0;0;0;0;0;0; ; ;25;25;10;13;4496;9125;1584
07;0701;070150;1;5;6;1;0;8;11;20;3;0;0;4;0;3;3;3;15;0;0;0;0;8;11;20;3;0;0;4;0;3;3;3;15;0; ; ;70;70;62;115;37167;25620;12484
07;0701;070150;8;2;15;3;0;10;0;0;0;0;0;0;0;0;0;0;10;0;0;0;0;10;0;0;0;0;0;0;0;0;0;0;10;0; ; ;20;20;10;26;2877;7320;853
08;0801;080150;2;1;1;1;18;28;30;30;0;0;0;0;0;0;0;0;19;0;32;5;16;16;30;16;0;0;0;0;0;0;0;0;18;0; ; ;125;96;41;116;30381;35040;7888
08;0801;080150;1;5;1;1;0;0;19;0;0;0;0;0;0;0;0;0;0;0;0;0;0;0;19;0;0;0;0;0;0;0;0;0;0;0; ; ;19;19;0;0;261;6935;143
08;0806;080650;1;5;1;1;5;5;5;4;0;0;0;0;0;0;0;0;0;0;0;0;5;5;5;4;0;0;0;0;0;0;0;0;0;0; ; ;19;19;1;1;4483;6935;2021
08;0804;080450;1;5;1;1;5;5;10;2;0;0;0;0;0;0;0;0;0;0;0;0;5;5;10;2;0;0;0;0;0;0;0;0;0;0; ; ;22;22;5;1;8944;8030;3787
08;0805;080550;1;5;1;1;13;12;15;28;0;0;0;0;0;0;0;0;0;0;8;0;12;12;16;20;0;0;0;0;0;0;0;0;0;0; ; ;68;60;3;9;6989;21900;2222
08;0802;080253;1;5;1;1;5;0;10;5;0;0;0;0;0;0;0;0;0;0;0;0;6;0;6;5;0;0;0;0;0;0;0;0;0;0; ; ;20;17;0;1;4036;6205;1206
08;0802;080250;1;5;1;1;10;1;4;5;0;0;0;0;0;0;0;0;0;0;0;0;10;1;4;5;0;0;0;0;0;0;0;0;0;0; ; ;20;20;1;0;2120;7300;795
08;0803;080350;1;5;1;1;7;3;6;4;0;0;0;0;0;0;0;0;0;0;0;0;7;3;6;4;0;0;0;0;0;0;0;0;0;0; ; ;20;20;0;0;2521;7300;839
08;0801;080150;2;1;6;1;12;6;4;7;3;0;0;4;0;0;2;4;11;0;16;0;12;6;4;7;3;0;0;4;0;0;2;4;11;0; ; ;53;53;10;56;15327;19398;3635
09;0901;090150;12;3;18;2;0;0;0;0;0;0;0;0;0;0;0;0;0;13;0;0;0;0;0;0;0;0;0;0;0;0;0;0;0;13; ; ;13;13;0;0;155;4758;86
09;0901;090101;5;1;1;1;78;62;0;0;13;12;0;24;21;16;13;25;88;0;48;8;77;60;0;0;13;12;0;24;21;16;10;25;66;0; ; ;352;324;15;161;102636;118260;15394
09;0901;090104;11;1;1;1;91;83;6;0;12;0;0;12;0;0;12;12;0;0;54;30;91;83;6;0;12;0;0;12;0;0;12;12;0;0; ; ;228;228;37;834;106997;83220;8684
09;0901;090112;9;2;1;1;0;14;0;0;0;160;0;0;0;0;0;0;6;0;12;0;0;10;0;0;0;138;0;0;0;0;0;0;6;0; ; ;180;154;48;230;29286;56210;1748
09;0901;090112;3;1;1;1;21;7;0;0;0;0;0;0;42;0;0;0;0;0;4;12;21;7;0;0;0;0;0;0;42;0;0;0;0;0; ; ;70;70;27;170;15087;25550;1406
09;0901;090114;4;1;1;1;0;0;57;27;0;0;0;0;0;0;0;0;0;0;0;0;0;0;57;27;0;0;0;0;0;0;0;0;0;0; ; ;84;84;28;40;32752;30660;14051
09;0901;090104;4;1;1;1;0;0;49;0;0;0;0;0;0;0;0;0;15;0;0;0;0;0;49;0;0;0;0;0;0;0;0;0;15;0; ; ;64;64;23;42;27977;23360;13832
09;0901;090158;1;5;1;1;6;0;5;4;0;0;0;0;0;0;0;0;0;0;0;0;6;0;5;4;0;0;0;0;0;0;0;0;0;0; ; ;15;15;0;0;625;5475;315
09;0904;090450;1;5;1;1;4;4;4;3;0;0;0;0;0;0;0;0;0;0;0;0;4;4;4;3;0;0;0;0;0;0;0;0;0;0; ; ;15;15;15;14;5289;5475;2220
09;0906;090650;1;5;1;1;4;2;6;3;0;0;0;0;0;0;0;0;0;0;3;0;4;2;6;3;0;0;0;0;0;0;0;0;0;0; ; ;15;15;7;14;5160;5475;2458
09;0908;090850;1;5;1;1;8;6;10;6;0;0;0;0;0;0;0;0;0;0;5;0;8;6;7;9;0;0;0;0;0;0;0;0;0;0; ; ;30;30;3;9;5924;10950;2121
09;0909;090950;1;5;1;1;4;6;7;3;0;0;0;0;0;0;0;0;0;0;4;0;4;6;7;3;0;0;0;0;0;0;0;0;0;0; ; ;20;20;0;11;2568;7300;858
09;0910;091050;2;1;1;1;24;10;30;13;0;0;0;0;2;0;0;0;0;0;0;0;24;10;30;13;0;0;0;0;2;0;0;0;0;0; ; ;79;79;18;65;18487;28835;6763
09;0911;091150;1;5;1;1;3;2;6;4;0;0;0;0;0;0;0;0;0;0;0;0;3;2;6;4;0;0;0;0;0;0;0;0;0;0; ; ;15;15;2;4;3152;5475;1408
09;0912;091250;1;5;1;1;4;3;5;3;0;0;0;0;0;0;0;0;0;0;0;0;4;3;5;3;0;0;0;0;0;0;0;0;0;0; ; ;15;15;5;6;2871;5475;1447
09;0921;092150;1;5;1;1;4;2;6;4;0;0;0;0;0;0;0;0;0;0;0;0;4;2;6;4;0;0;0;0;0;0;0;0;0;0; ; ;16;16;14;2;2839;5840;1461
09;0919;091950;1;5;1;1;8;2;6;4;0;0;0;0;0;0;0;0;0;0;0;0;8;2;6;4;0;0;0;0;0;0;0;0;0;0; ; ;20;20;2;0;3451;7300;1266
09;0920;092050;1;5;1;1;3;6;3;3;0;0;0;0;0;0;0;0;0;0;0;0;3;6;3;3;0;0;0;0;0;0;0;0;0;0; ; ;15;15;2;0;2549;5475;1216
09;0901;090150;2;1;6;1;16;39;31;44;37;14;13;47;10;16;28;30;164;0;105;23;12;42;32;34;31;14;12;42;9;16;16;28;139;0; ; ;489;427;244;1469;166976;156350;33372
09;0907;090750;1;5;6;1;7;13;6;5;0;0;0;0;0;0;0;0;0;0;7;0;7;13;6;5;0;0;0;0;0;0;0;0;0;0; ; ;31;31;4;6;9743;11346;2787
09;0910;091050;1;5;6;1;27;15;16;28;5;3;1;8;0;3;4;8;9;0;0;5;27;15;16;28;5;3;1;8;0;3;4;8;9;0; ; ;127;127;20;110;37998;46482;9899
09;0901;090150;2;1;3;1;0;0;0;0;0;0;0;0;0;0;0;0;0;58;5;5;0;0;0;0;0;0;0;0;0;0;0;0;0;58; ; ;58;58;12;20;5568;21228;1091
09;0901;090150;2;1;3;1;10;8;5;12;0;0;0;3;0;0;0;0;0;0;13;5;8;8;5;10;0;0;0;3;0;0;0;0;0;0; ; ;38;34;12;29;10400;16882;2699
09;0901;090150;2;1;2;1;43;44;10;2;0;0;0;15;6;0;0;0;10;0;11;8;43;44;10;2;0;0;0;15;6;0;0;0;10;0; ; ;130;130;15;75;27619;47580;4753
09;0901;090150;5;1;13;3;0;0;0;280;0;0;0;0;0;0;0;0;0;0;25;125;0;0;0;280;0;0;0;0;0;0;0;0;0;0; ; ;280;280;74;440;132443;175323;19509
09;0901;090150;2;1;13;3;163;146;6;0;48;0;0;60;0;6;23;0;135;0;0;0;163;146;6;0;48;0;0;60;0;6;23;0;135;0; ; ;587;587;175;876;141623;174625;13289
09;0901;090150;2;1;17;3;141;15;0;0;0;0;0;0;0;0;0;0;0;0;0;9;137;14;0;0;0;0;0;0;0;0;0;0;0;0; ; ;156;151;8;49;28022;60622;5866
09;0901;090150;8;2;15;3;43;50;0;38;0;0;0;0;0;0;0;0;19;15;0;0;26;39;0;35;0;0;0;0;0;0;0;0;12;14; ; ;165;126;38;158;27429;46373;4879
09;0901;090112;2;1;1;1;40;20;12;42;0;0;0;4;0;0;0;0;4;0;8;10;40;20;12;42;0;0;0;4;0;0;0;0;4;0; ; ;122;122;30;216;43424;44530;9303
10;1001;100150;2;1;1;1;39;32;41;24;0;0;0;0;0;0;0;0;0;0;0;0;39;32;41;24;0;0;0;0;0;0;0;0;0;0; ; ;136;136;33;116;42944;49640;11121
10;1002;100250;1;5;1;1;4;2;6;3;0;0;0;0;0;0;0;0;0;0;0;0;4;2;6;3;0;0;0;0;0;0;0;0;0;0; ; ;15;15;0;1;2163;5475;692
10;1003;100350;1;5;1;1;4;4;4;4;0;0;0;0;0;0;0;0;0;0;0;0;4;4;4;4;0;0;0;0;0;0;0;0;0;0; ; ;16;16;3;2;3284;5840;933
10;1004;100450;1;5;1;1;21;19;20;23;0;0;0;0;0;0;0;0;0;0;0;0;21;19;20;23;0;0;0;0;0;0;0;0;0;0; ; ;83;83;7;12;15860;30295;4866
10;1001;100150;2;1;6;1;9;22;18;25;5;0;3;18;0;2;8;2;34;0;33;10;9;22;18;25;5;0;3;18;0;2;8;2;34;0; ; ;146;146;9;61;33762;53436;7570
11;1102;110250;1;5;1;1;6;2;10;2;0;0;0;0;0;0;0;0;0;0;0;0;6;2;10;2;0;0;0;0;0;0;0;0;0;0; ; ;20;20;1;1;2436;7300;1101
11;1106;110650;1;5;1;1;5;3;3;4;0;0;0;0;0;0;0;0;0;0;0;0;5;3;3;4;0;0;0;0;0;0;0;0;0;0; ; ;15;15;3;2;2370;5475;848
11;1108;110850;1;5;1;1;8;4;6;2;0;0;0;0;0;0;0;0;0;0;0;0;6;4;6;2;0;0;0;0;0;0;0;0;0;0; ; ;20;18;3;4;2196;6570;902
11;1109;110950;1;5;1;1;8;8;8;6;0;0;0;0;0;0;0;0;0;0;0;0;8;8;8;6;0;0;0;0;0;0;0;0;0;0; ; ;30;30;6;3;6039;10950;2061
11;1110;111050;1;5;1;1;6;0;7;2;0;0;0;0;0;0;0;0;0;0;0;0;6;0;7;2;0;0;0;0;0;0;0;0;0;0; ; ;15;15;2;1;2477;5475;1029
11;1101;110161;1;5;1;1;6;3;3;3;0;0;0;0;0;0;0;0;0;0;0;0;5;3;3;4;0;0;0;0;0;0;0;0;0;0; ; ;15;15;2;0;2169;5475;852
11;1111;111150;1;5;1;1;6;3;3;3;0;0;0;0;0;0;0;0;0;0;0;0;6;3;3;3;0;0;0;0;0;0;0;0;0;0; ; ;15;15;3;1;2015;5475;728
11;1101;110150;2;1;1;1;55;50;51;50;0;0;0;0;0;0;0;0;18;12;20;7;55;50;51;50;0;0;0;0;0;0;0;0;18;12; ; ;236;236;35;147;44532;86140;9375
11;1101;110150;2;1;6;1;16;19;16;23;5;5;3;17;10;4;5;5;1;0;0;0;21;28;16;23;3;0;0;10;10;5;4;8;1;0; ; ;129;129;48;136;38746;47105;8787
11;1101;110150;8;2;15;3;5;15;0;0;0;0;0;0;0;0;0;0;57;0;0;0;5;17;0;0;0;0;0;0;0;0;0;0;40;0; ; ;77;62;3;9;7273;22702;1632
12;1201;120150;2;1;1;1;32;24;30;20;0;0;0;0;0;0;0;0;0;0;0;0;32;24;30;20;0;0;0;0;0;0;0;0;0;0; ; ;106;106;6;35;24758;38690;7197
12;1205;120550;1;5;1;1;19;14;25;13;0;0;0;0;0;0;0;0;15;0;17;0;19;14;25;13;0;0;0;0;0;0;0;0;0;15; ; ;86;86;76;152;29840;31390;9339
12;1208;120850;1;5;1;1;16;4;22;9;0;0;0;0;0;0;0;0;0;0;0;0;16;4;22;9;0;0;0;0;0;0;0;0;0;0; ; ;51;51;6;7;6808;18615;2330
12;1206;120651;1;5;1;1;6;2;8;9;0;0;0;0;0;0;0;0;0;0;0;0;6;2;8;9;0;0;0;0;0;0;0;0;0;0; ; ;25;25;11;15;5601;9125;2101
12;1207;120750;1;5;1;1;3;3;6;3;0;0;0;0;0;0;0;0;0;0;6;0;3;3;6;3;0;0;0;0;0;0;0;0;0;0; ; ;15;15;27;9;4960;5475;2334
12;1202;120250;1;5;1;1;6;3;7;6;0;0;0;0;0;0;0;0;0;0;0;0;6;3;7;6;0;0;0;0;0;0;0;0;0;0; ; ;22;22;1;1;4119;8030;1735
12;1201;120150;2;1;6;1;27;39;30;19;0;0;0;0;0;0;2;4;0;0;24;9;27;39;30;19;0;0;0;0;0;0;2;4;0;0; ; ;121;121;23;124;41857;44286;6301
13;1306;130650;1;5;1;1;12;12;15;11;0;0;0;0;0;0;0;0;0;0;0;0;12;12;15;11;0;0;0;0;0;0;0;0;0;0; ; ;50;50;1;5;13228;18250;3865
13;1302;130250;1;5;1;1;13;3;11;13;0;0;0;0;0;0;0;0;0;0;0;0;13;3;11;13;0;0;0;0;0;0;0;0;0;0; ; ;40;40;15;8;9152;14600;3785
13;1312;131250;1;5;1;1;4;3;4;4;0;0;0;0;0;0;0;0;0;0;0;0;4;3;4;4;0;0;0;0;0;0;0;0;0;0; ; ;15;15;3;0;2592;5475;1114
13;1310;131050;1;5;1;1;3;3;6;3;0;0;0;0;0;0;0;0;0;0;0;0;3;3;6;3;0;0;0;0;0;0;0;0;0;0; ; ;15;15;4;2;2522;5475;1101
13;1305;130550;1;5;1;1;13;5;7;7;0;0;0;0;0;0;0;0;0;0;4;0;13;5;7;7;0;0;0;0;0;0;0;0;0;0; ; ;32;32;0;0;3639;11680;1350
13;1303;130350;2;1;1;1;35;25;36;40;0;0;0;0;0;0;0;0;0;0;0;0;22;17;20;22;0;0;0;0;0;0;0;0;0;0; ; ;136;81;38;51;18003;29565;5604
13;1314;131450;2;1;1;1;34;26;34;26;0;0;0;0;0;0;0;0;0;0;13;0;23;20;19;19;0;0;0;0;0;0;0;0;0;0; ; ;120;81;7;15;17245;29565;4957
13;1308;130850;2;1;1;1;60;60;50;50;0;0;0;0;0;0;0;0;0;0;24;8;40;52;37;35;0;0;0;0;0;0;0;0;0;0; ; ;220;164;43;112;53227;59860;11948
13;1301;130150;2;1;1;1;65;67;28;35;0;0;0;0;0;0;0;0;0;0;2;6;65;67;28;35;0;0;0;0;0;0;0;0;0;0; ; ;195;195;135;305;66847;71175;13202
13;1304;130450;1;5;1;1;4;1;7;3;0;0;0;0;0;0;0;0;0;0;12;0;4;1;7;3;0;0;0;0;0;0;0;0;0;0; ; ;15;15;1;0;4953;5475;2042
13;1308;130850;1;5;6;1;0;0;0;0;0;0;0;0;0;0;0;0;0;112;0;0;0;0;0;0;0;0;0;0;0;0;0;0;0;65; ; ;112;65;18;49;17507;21830;6054
13;1301;130150;2;1;6;1;36;13;6;20;8;8;1;6;1;2;2;6;0;0;16;9;36;13;6;20;8;8;1;6;1;2;2;6;0;0; ; ;109;109;17;137;49460;46119;8647
14;1401;140150;2;1;1;1;16;17;20;17;0;0;0;0;0;0;0;0;0;0;0;0;15;20;17;17;0;0;0;0;0;0;0;0;0;0; ; ;70;69;24;26;18372;25185;4888
14;1402;140250;1;5;1;1;8;2;4;4;0;0;0;0;0;0;0;0;0;0;0;0;8;2;4;4;0;0;0;0;0;0;0;0;0;0; ; ;18;18;9;8;8784;6570;2665
14;1403;140350;1;5;1;1;8;3;6;8;0;0;0;0;0;0;0;0;0;0;1;0;8;3;7;5;0;0;0;0;0;0;0;0;0;0; ; ;25;23;4;3;4575;8395;1625
14;1405;140550;1;5;1;1;6;2;5;6;0;0;0;0;0;0;0;0;0;0;6;0;6;2;5;6;0;0;0;0;0;0;0;0;0;0; ; ;19;19;4;2;4845;6935;1891
14;1406;140650;1;5;1;1;16;8;14;12;0;0;0;0;0;0;0;0;0;0;0;0;16;8;14;12;0;0;0;0;0;0;0;0;0;0; ; ;50;50;8;17;11498;18250;3113
14;1409;140950;1;5;1;1;3;0;3;4;0;0;0;0;0;0;0;0;0;0;13;0;3;0;3;4;0;0;0;0;0;0;0;0;0;0; ; ;10;10;0;0;2285;3650;680
14;1401;140150;1;5;6;1;0;4;4;5;0;0;0;2;0;0;2;0;5;0;0;0;0;4;4;5;0;0;0;2;0;0;2;0;5;0; ; ;22;22;5;1;3327;8030;1053
15;1501;150150;2;1;1;1;21;22;22;19;0;0;0;0;0;0;0;0;12;0;0;0;21;22;22;19;0;0;0;0;0;0;0;0;12;0; ; ;96;96;4;21;19396;35040;6041
15;1507;150750;1;5;1;1;11;7;10;3;0;0;0;0;0;0;0;0;0;0;0;0;11;7;10;3;0;0;0;0;0;0;0;0;0;0; ; ;31;31;0;4;1811;11315;604
15;1503;150350;1;5;18;2;16;6;7;8;0;0;0;8;2;0;0;0;0;0;0;0;16;6;7;8;0;0;0;8;2;0;0;0;0;0; ; ;47;47;0;4;2953;17155;809
15;1504;150450;1;5;18;2; ; ; ; ; ; ; ; ; ; ; ; ; ; ; ; ; ; ; ; ; ; ; ; ; ; ; ; ; ; ; ; ; ; ;0;2;926; ;293
16;1601;160150;2;1;1;1;22;18;36;26;0;0;0;10;0;0;0;0;0;0;17;3;21;17;34;25;0;0;0;10;0;0;0;0;0;0; ; ;112;107;17;33;23603;39055;6564
16;1601;160150;1;5;6;1;6;5;6;2;0;0;0;5;0;0;0;0;0;0;0;0;6;5;6;2;0;0;0;5;0;0;0;0;0;0; ; ;24;24;5;7;6337;8760;1985
16;1601;160150;1;5;3;1;10;4;4;6;0;0;0;6;0;0;0;0;0;0;0;0;10;4;4;6;0;0;0;6;0;0;0;0;0;0; ; ;30;30;0;0;893;10950;332
17;1701;170101;2;1;2;1;0;0;0;0;0;0;0;0;0;0;0;0;0;99;0;15;0;0;0;0;0;0;0;0;0;0;0;0;0;99; ; ;99;99;14;56;22432;36234;4463
17;1701;170113;4;1;1;1;0;0;194;55;0;0;0;0;0;0;0;0;0;0;4;14;0;0;164;55;0;0;0;0;0;0;0;0;0;0; ; ;249;219;27;52;67792;79935;10739
17;1701;170113;11;1;1;1;37;137;11;0;16;26;0;53;0;21;18;18;79;0;0;0;33;131;11;0;16;20;0;49;0;21;17;17;77;0; ; ;416;392;33;272;107346;143080;13590
17;1701;170123;5;1;1;1;71;30;0;21;0;0;0;30;25;0;0;0;90;0;28;13;64;29;0;15;0;0;0;30;18;0;0;0;83;0; ; ;267;239;16;165;80873;87235;8914
17;1701;170107;2;1;1;1;52;50;76;71;0;0;0;36;12;2;10;0;20;0;0;0;43;51;70;68;0;0;0;36;12;2;10;0;20;0; ; ;329;312;32;196;78933;113880;12378
17;1701;170106;2;1;1;1;60;60;40;17;0;11;0;37;7;0;0;0;22;0;56;4;54;54;33;17;0;11;0;37;8;0;0;0;17;0; ; ;254;231;32;137;68557;84315;10401
17;1701;170106;10;2;1;1;0;0;0;0;0;0;0;0;0;0;0;0;46;0;0;0;0;0;0;0;0;0;0;0;0;0;0;0;46;0; ; ;46;46;42;123;12569;16790;1139
17;1702;170202;1;5;1;1;4;5;9;7;0;0;0;0;0;0;0;0;0;0;0;0;4;5;9;7;0;0;0;0;0;0;0;0;0;0; ; ;25;25;2;2;7138;9125;2392
17;1701;170185;1;5;1;1;6;8;12;6;0;0;0;0;0;0;0;0;0;0;0;0;6;8;12;6;0;0;0;0;0;0;0;0;0;0; ; ;32;32;2;5;7139;11680;3038
17;1705;170550;1;5;1;1;0;0;0;0;0;0;0;0;0;0;0;0;0;20;0;0;0;0;0;0;0;0;0;0;0;0;0;0;0;17; ; ;20;17;0;2;4830;6205;2177
17;1703;170350;1;5;1;1;1;4;7;3;0;0;0;0;0;0;0;0;0;0;0;0;1;4;7;3;0;0;0;0;0;0;0;0;0;0; ; ;15;15;1;4;4939;5475;1964
17;1701;170169;1;5;1;1;4;0;7;4;0;0;0;0;0;0;0;0;0;0;0;0;4;0;7;4;0;0;0;0;0;0;0;0;0;0; ; ;15;15;0;1;1966;5475;598
17;1701;170156;6;2;1;1;0;0;0;0;0;0;146;0;0;0;0;0;0;0;0;0;0;0;0;0;0;0;131;0;0;0;0;0;0;0; ; ;146;131;0;0;45422;47815;228
17;1701;170130;11;1;6;1;14;62;67;62;21;28;10;49;18;18;33;22;197;0;56;42;14;62;67;59;24;28;10;43;18;22;33;21;199;0; ; ;601;600;41;363;205006;219610;29621
17;1701;170113;11;1;3;1;0;0;0;0;0;0;0;0;0;0;0;0;0;224;13;12;0;0;0;0;0;0;0;0;0;0;0;0;0;208; ; ;224;208;37;160;56940;76236;10037
17;1701;170126;2;1;18;2;0;0;0;11;0;0;0;0;0;0;0;0;0;78;0;0;0;0;0;11;0;0;0;0;0;0;0;0;0;76; ; ;89;87;4;41;17542;31916;4513
18;1801;180105;2;1;1;1;77;60;66;43;0;0;0;35;0;0;0;0;10;0;0;0;50;40;43;42;0;0;0;20;0;0;0;0;10;0; ; ;291;205;80;319;67048;74825;14865
18;1802;180250;1;5;1;1;3;2;3;2;0;0;0;0;0;0;0;0;0;0;0;0;3;2;3;2;0;0;0;0;0;0;0;0;0;0; ; ;10;10;0;4;1846;3650;525
18;1807;180750;1;5;1;1;7;0;9;3;0;0;0;0;0;0;0;0;0;0;0;0;7;0;9;3;0;0;0;0;0;0;0;0;0;0; ; ;19;19;0;1;4068;6935;1567
18;1808;180850;1;5;1;1;11;0;6;3;0;0;0;0;0;0;0;0;0;0;0;0;11;0;6;3;0;0;0;0;0;0;0;0;0;0; ; ;20;20;3;2;3435;7300;1215
18;1801;180150;2;1;6;1;35;31;36;41;5;0;1;26;0;5;12;2;19;0;16;0;35;31;36;41;5;0;1;26;0;5;12;2;19;0; ; ;213;213;52;215;69876;77745;14005
18;1801;180150;1;5;11;1;16;6;6;20;0;0;0;0;0;0;0;0;12;0;0;0;16;6;6;20;0;0;0;0;0;0;0;0;12;0; ; ;60;60;2;4;4287;21900;1919
19;1901;190150;2;1;1;1;16;11;13;17;0;0;0;0;0;0;0;0;0;0;0;0;16;11;13;17;0;0;0;0;0;0;0;0;0;0; ; ;57;57;1;11;11068;20805;3847
19;1905;190550;1;5;1;1;4;3;4;4;0;0;0;0;0;0;0;0;0;0;0;0;4;3;4;4;0;0;0;0;0;0;0;0;0;0; ; ;15;15;4;5;3878;5475;1704
19;1902;190250;1;5;1;1;6;3;3;3;0;0;0;0;0;0;0;0;0;0;0;0;6;3;3;3;0;0;0;0;0;0;0;0;0;0; ; ;15;15;0;2;2121;5475;711
21;2101;210150;2;1;1;1;5;6;14;15;0;0;0;0;0;0;0;0;0;0;0;0;5;6;14;15;0;0;0;0;0;0;0;0;0;0; ; ;40;40;16;74;23875;14600;6904
21;2104;210450;1;5;1;1;8;4;12;8;0;0;0;0;0;0;0;0;0;0;0;0;8;4;12;8;0;0;0;0;0;0;0;0;0;0; ; ;32;32;2;1;7212;11680;2719
22;2201;220150;2;1;1;1;11;11;22;16;0;0;0;0;0;0;0;0;0;0;0;0;11;11;22;16;0;0;0;0;0;0;0;0;0;0; ; ;60;60;6;17;17014;21900;5182
22;2202;220250;1;5;1;1;10;5;3;5;0;0;0;0;0;0;0;0;0;0;0;0;10;5;3;5;0;0;0;0;0;0;0;0;0;0; ; ;23;23;0;0;165;8395;80
22;2201;220150;1;5;3;1;8;4;3;3;0;0;0;8;0;0;0;0;0;0;0;0;8;4;3;3;0;0;0;8;0;0;0;0;0;0; ; ;26;26;0;0;1214;9490;318
23;2301;230107;2;1;1;1;0;20;32;0;0;0;0;9;0;0;0;0;20;0;0;0;0;20;32;0;0;0;0;9;0;0;0;0;20;0; ; ;81;81;17;55;28262;29565;10286
24;2403;240350;1;5;1;1;3;4;6;2;0;0;0;0;0;0;0;0;0;0;0;0;3;4;6;2;0;0;0;0;0;0;0;0;0;0; ; ;15;15;0;3;3712;5475;1777
24;2402;240250;1;5;1;1;6;6;6;4;0;0;0;0;0;0;0;0;0;0;0;0;6;6;6;4;0;0;0;0;0;0;0;0;0;0; ; ;22;22;3;1;4811;8030;1826
24;2401;240150;2;1;1;1;28;21;26;18;0;0;0;0;0;0;0;0;23;0;0;6;28;21;26;18;0;0;0;0;0;0;0;0;23;0; ; ;116;116;61;180;29644;42340;8209
24;2401;240156;1;5;6;1;6;6;13;9;1;0;0;2;0;1;2;0;6;0;0;0;6;6;13;9;1;0;0;2;0;1;2;0;6;0; ; ;46;46;7;15;11395;16836;3059
24;2401;240154;1;5;1;1;6;1;5;3;0;0;0;0;0;0;0;0;0;0;0;0;6;1;5;3;0;0;0;0;0;0;0;0;0;0; ; ;15;15;1;0;2677;5475;1260
23;2301;230102;2;1;1;1;45;0;0;20;0;0;0;0;8;0;0;0;0;0;0;0;50;0;0;20;0;0;0;0;3;0;0;0;0;0; ; ;73;73;16;86;21054;26645;2515
09;0901;090150;12;3;18;2;1;1;1;1;0;0;0;0;0;0;0;0;0;3;0;0;1;1;1;1;0;0;0;0;0;0;0;0;0;3; ; ;7;7;0;0;40;2562;40
09;0901;090150;12;3;18;2;0;0;0;0;0;0;0;0;0;0;0;0;0;8;0;0;0;0;0;0;0;0;0;0;0;0;0;0;0;8; ; ;8;8;0;0;154;2928;48
09;0901;090150;12;3;18;2;2;3;3;2;0;0;0;3;0;0;0;0;1;0;2;0;2;3;3;4;0;0;0;3;0;0;0;0;1;0; ; ;14;16;0;0;10;5860;8
20;2001;200150;2;1;1;1;8;5;6;4;0;0;0;0;0;0;0;0;0;0;4;11;8;5;6;4;0;0;0;0;0;0;0;0;0;0; ; ;23;23;3;7;2472;8395;644
20;2003;200350;1;5;1;1;4;4;4;3;0;0;0;0;0;0;0;0;0;0;0;0;4;4;4;3;0;0;0;0;0;0;0;0;0;0; ; ;15;15;8;7;3060;5475;1186
13;1311;131150;1;5;1;1;8;8;8;8;0;0;0;0;0;0;0;0;0;0;4;0;8;8;8;8;0;0;0;0;0;0;0;0;0;0; ; ;32;32;3;1;2556;11680;1047
17;1701;170150;2;1;6;1;0;0;0;26;0;0;0;0;0;0;0;0;0;128;0;6;0;0;0;21;0;0;0;0;0;0;0;0;0;128; ; ;154;149;27;101;43228;54544;12055
23;2301;230150;2;1;6;1;33;21;29;20;0;0;0;6;0;0;6;0;12;0;0;6;33;21;29;20;0;0;0;6;0;0;6;0;12;0; ; ;127;127;16;124;40700;46482;9400
07;0709;070950;1;5;3;1;13;4;4;3;0;0;0;4;0;0;0;0;2;0;0;0;13;4;4;3;0;0;0;4;0;0;0;0;2;0; ; ;30;30;2;3;1472;9220;375
11;1101;110150;1;5;3;1;20;7;4;4;0;0;0;5;0;0;0;0;0;0;0;0;20;7;4;4;0;0;0;5;0;0;0;0;0;0; ; ;40;40;3;5;2306;14640;739
08;0801;080150;1;5;3;1;6;2;5;9;0;0;0;4;0;0;0;0;0;0;0;0;6;2;5;9;0;0;0;4;0;0;0;0;0;0; ; ;26;26;0;0;1158;9516;292
13;1308;130850;1;5;3;1;0;0;0;0;0;0;0;0;0;0;0;0;0;14;0;0;0;0;0;0;0;0;0;0;0;0;0;0;0;14; ; ;14;14;1;0;1459;4936;842
13;1308;130850;12;3;18;2;0;0;0;0;22;0;0;0;0;0;4;2;10;0;2;0;0;0;0;0;22;0;0;0;0;0;4;2;10;0; ; ;38;38;26;45;4931;13908;884
13;1301;130150;12;3;18;2;0;0;0;0;0;0;0;0;0;0;0;0;0;32;0;0;0;0;0;0;0;0;0;0;0;0;0;0;0;32; ; ;32;32;0;1;802;11712;592
13;1308;130850;12;3;18;2;0;0;0;0;0;0;0;0;0;0;0;0;0;21;7;5;0;0;0;0;0;0;0;0;0;0;0;0;0;21; ; ;21;21;0;5;1627;7798;752
23;2301;230150;12;3;18;2;0;0;0;13;0;0;0;0;0;0;0;0;0;26;4;0;0;0;0;13;0;0;0;0;0;0;0;0;0;26; ; ;39;39;1;4;3157;15674;1359
23;2301;230150;12;3;18;2;0;2;2;13;0;0;0;0;0;0;0;0;0;23;0;0;0;2;2;13;0;0;0;0;0;0;0;0;0;23; ; ;40;40;1;0;1747;14640;565
23;2301;230150;12;3;18;2;0;0;0;3;0;0;0;0;0;0;0;0;6;45;6;6;0;0;0;3;0;0;0;0;0;0;0;0;6;46; ; ;54;55;20;74;18285;20254;2613
23;2301;230150;12;3;18;2;5;3;2;2;2;1;0;2;0;0;0;1;0;3;4;0;5;3;2;2;2;1;0;2;0;0;0;1;0;3; ; ;21;21;2;1;1888;7707;746
02;0201;020150;12;3;18;2;0;0;0;0;0;0;0;0;0;0;0;0;0;8;0;0;0;0;0;0;0;0;0;0;0;0;0;0;0;8; ; ;8;8;0;0;214;2200;154
09;0923;092350;2;1;17;3;19;2;0;3;0;0;0;0;0;0;0;0;0;0;6;0;19;2;0;3;0;0;0;0;0;0;0;0;0;0; ; ;24;24;0;0;712;8784;301
09;0912;091250;12;3;18;2;3;3;0;0;0;0;0;0;0;0;0;0;0;7;0;0;3;3;0;0;0;0;0;0;0;0;0;0;0;7; ; ;13;13;0;0;557;4758;363
09;0924;092450;12;3;18;2;2;2;2;1;0;0;0;0;0;0;0;0;0;0;1;0;2;2;2;1;0;0;0;0;0;0;0;0;0;0; ; ;7;7;0;0;280;2562;187
09;0904;090450;12;3;18;2;2;1;2;1;0;0;0;0;0;0;0;0;0;0;0;0;2;1;2;1;0;0;0;0;0;0;0;0;0;0; ; ;6;6;0;0;83;2196;41
09;0904;090450;12;3;18;2;0;0;0;0;0;0;0;0;0;0;0;0;0;8;0;0;0;0;0;0;0;0;0;0;0;0;0;0;0;8; ; ;8;8;0;0;93;2936;69
09;0904;090450;12;3;18;2;0;0;0;0;0;0;0;0;0;0;0;0;0;7;0;0;0;0;0;0;0;0;0;0;0;0;0;0;0;7; ; ;7;7;0;0;51;2562;51
09;0908;090850;12;3;18;2;0;0;5;0;0;0;0;0;0;0;0;0;0;5;0;0;0;0;5;0;0;0;0;0;0;0;0;0;0;5; ; ;10;10;1;0;549;3660;433
12;1205;120550;12;3;18;2;0;0;0;0;0;0;0;0;0;0;0;0;0;10;0;0;0;0;0;0;0;0;0;0;0;0;0;0;0;10; ; ;10;10;0;0;271;3660;121
12;1207;120750;12;3;18;2;0;0;0;0;0;0;0;0;0;0;0;0;0;8;1;0;0;0;0;0;0;0;0;0;0;0;0;0;0;8; ; ;8;8;0;1;458;2928;381
12;1207;120750;12;3;18;2;0;0;0;1;0;0;0;0;0;0;0;0;0;9;0;0;0;0;0;1;0;0;0;0;0;0;0;0;0;9; ; ;10;10;0;0;58;3660;55
12;1201;120150;12;3;18;2;4;4;2;5;0;0;0;3;0;0;0;0;0;8;3;5;4;4;2;9;0;0;0;3;0;0;0;0;0;8; ; ;26;30;4;51;4462;10891;1074
24;2403;240350;12;3;18;2;5;0;6;2;1;0;0;2;0;0;0;0;0;0;4;0;5;0;6;2;1;0;0;2;0;0;0;0;0;0; ; ;16;16;0;0;703;5856;688
24;2403;240352;12;3;18;2;10;6;6;7;2;2;0;4;1;2;2;2;4;2;4;4;10;6;6;7;2;2;0;4;1;2;2;2;4;2; ; ;50;50;37;8;5461;18300;2447
24;2402;240250;12;3;18;2;3;1;4;0;0;0;0;1;0;0;0;0;0;9;1;0;3;1;4;0;0;0;0;1;0;0;0;0;0;9; ; ;18;18;0;0;477;3294;402
24;2402;240250;12;3;18;2;0;0;0;0;0;0;0;0;0;0;0;0;0;9;0;0;0;0;0;0;0;0;0;0;0;0;0;0;0;9; ; ;9;9;0;0;54;3294;37
24;2402;240250;12;3;18;2;16;1;2;3;1;0;0;1;0;1;1;0;0;0;0;0;16;1;2;3;1;0;0;1;0;1;1;0;0;0; ; ;26;26;14;1;556;9516;322
24;2402;240250;12;3;18;2;5;3;5;7;0;0;0;1;0;0;1;1;0;3;2;0;5;3;5;7;0;0;0;1;0;0;1;1;0;3; ; ;26;26;4;2;1085;9516;622
24;2402;240250;12;3;18;2;8;3;3;4;0;0;0;0;0;0;0;0;0;0;1;0;8;3;3;4;0;0;0;0;0;0;0;0;0;0; ; ;18;18;0;0;881;6588;448
09;0901;090150;12;3;18;2;0;0;0;0;0;0;0;0;0;0;0;0;0;12;0;0;0;0;0;0;0;0;0;0;0;0;0;0;0;12; ; ;12;12;0;0;188;4056;102
24;2401;240150;12;3;18;2;8;12;8;8;0;0;0;0;0;0;0;0;0;0;2;0;8;12;8;8;0;0;0;0;0;0;0;0;0;0; ; ;36;36;1;1;1952;13176;998
01;0101;010150;12;3;18;2;0;0;0;0;0;0;0;0;0;0;0;0;0;74;0;0;0;0;0;0;0;0;0;0;0;0;0;0;0;74; ; ;74;74;43;75;12504;27084;4315
01;0101;010150;11;1;18;2;7;5;2;4;2;2;0;2;2;1;2;1;0;0;0;0;7;5;2;4;2;2;0;2;2;1;2;1;0;0; ; ;30;30;5;21;6895;10980;3133
01;0101;010150;11;1;18;2;0;0;0;0;0;0;0;0;0;0;0;0;0;46;10;18;0;0;0;0;0;0;0;0;0;0;0;0;0;46; ; ;46;46;3;19;4846;16836;1518
01;0101;010150;12;3;18;2;0;0;0;0;0;0;0;0;0;0;0;0;0;28;5;17;0;0;0;0;0;0;0;0;0;0;0;0;0;28; ; ;28;28;12;41;8617;10248;1791
01;0101;010150;12;3;18;2;5;4;2;10;1;2;1;3;1;1;3;1;0;0;0;0;10;6;4;8;1;4;1;3;2;1;3;3;0;0; ; ;34;46;3;5;5595;16155;2034
01;0101;010150;12;3;18;2;2;5;1;1;0;0;0;2;0;1;2;1;1;0;0;0;3;5;1;1;0;0;0;2;0;2;1;0;1;0; ; ;16;16;4;6;2574;5856;1483
01;0101;010150;12;3;18;2;2;2;12;24;0;0;0;0;0;0;0;0;0;2;0;0;2;2;12;24;0;0;0;0;0;0;0;0;0;2; ; ;42;42;0;10;9992;15330;2893
01;0101;010150;12;3;18;2;0;0;0;0;0;0;29;0;0;0;0;0;43;0;0;0;0;0;0;0;0;0;31;0;0;0;0;0;44;0; ; ;72;75;0;1;22355;27150;439
01;0101;010150;12;3;18;2;0;0;0;0;0;0;0;0;0;0;0;0;0;12;0;0;0;0;0;0;0;0;0;0;0;0;0;0;0;12; ; ;12;12;6;7;2783;4392;1267
01;0101;010150;2;1;12;3;0;0;0;0;0;0;0;0;0;0;0;0;0;19;0;0;0;0;0;0;0;0;0;0;0;0;0;0;0;19; ; ;19;19;3;4;831;6954;354
11;1101;110150;12;3;18;2;0;0;0;0;0;0;0;0;0;0;0;0;3;12;0;0;0;0;0;0;0;0;0;0;0;0;0;0;3;12; ; ;15;15;2;1;1403;4392;456
11;1101;110150;12;3;18;2;0;0;0;2;0;0;0;0;0;0;0;0;0;27;0;0;0;0;0;2;0;0;0;0;0;0;0;0;0;27; ; ;29;29;5;16;4890;10614;1946
11;1101;110150;2;1;12;2;0;0;0;0;0;0;0;0;0;0;0;0;0;14;3;3;0;0;0;0;0;0;0;0;0;0;0;0;0;14; ; ;14;14;0;0;880;5096;493
11;1101;110150;12;3;18;2;4;4;3;2;0;0;0;0;0;0;0;0;0;2;0;0;4;4;3;2;0;0;0;0;0;0;0;0;0;2; ; ;15;15;4;1;1398;5580;839
11;1101;110150;12;3;18;2;1;1;1;3;1;1;0;1;0;1;1;1;3;1;0;0;1;1;1;3;1;1;0;1;0;1;1;1;3;1; ; ;16;16;1;2;588;5856;330
11;1101;110150;12;3;18;2;0;0;0;2;0;0;0;0;0;0;0;0;0;14;0;0;0;0;0;2;0;0;0;0;0;0;0;0;0;14; ; ;16;16;0;0;1790;5856;953
07;0701;070150;12;3;18;2;0;0;0;3;0;0;0;0;0;0;0;0;0;43;0;0;0;0;0;3;0;0;0;0;0;0;0;0;0;43; ; ;46;46;0;4;5649;11025;1761
07;0701;070150;12;3;18;2;0;0;0;5;0;0;0;0;0;0;0;0;0;20;2;7;0;0;0;5;0;0;0;0;0;0;0;0;0;20; ; ;25;25;12;27;2850;6265;793
07;0701;070150;12;3;18;2;0;0;0;4;0;0;0;0;2;0;0;0;0;24;0;4;0;0;0;4;0;0;0;0;2;0;0;0;0;24; ; ;30;30;8;22;9657;8591;2389
09;0901;090150;12;3;18;2;0;0;0;0;0;0;154;0;0;0;0;0;0;0;0;0;0;0;0;0;0;0;154;0;0;0;0;0;0;0; ; ;154;154;0;1;47681;56364;1122
09;0901;090150;12;3;18;2;0;6;0;22;6;0;0;0;0;0;0;0;54;0;10;26;0;6;0;22;6;0;0;0;0;0;0;0;54;0; ; ;88;88;19;139;27308;35808;6818
09;0901;090150;12;3;18;2;0;0;0;0;0;0;0;0;0;0;0;0;0;133;0;0;0;0;0;0;0;0;0;0;0;0;0;0;0;133; ; ;133;133;30;139;26320;47673;6265
09;0901;090150;12;3;18;2;0;0;0;6;0;0;0;0;0;0;0;0;0;69;20;28;0;0;0;6;0;0;0;0;0;0;0;0;0;69; ; ;75;75;40;116;19551;27450;3526
09;0921;092150;12;3;18;2;0;0;0;5;0;0;0;30;0;0;0;0;0;0;4;1;0;0;0;5;0;0;0;30;0;0;0;0;0;0; ; ;35;35;0;1;4552;12810;1150
09;0910;091050;12;3;18;2;0;0;2;1;0;0;0;5;0;0;0;0;0;20;3;10;0;0;2;1;0;0;0;5;0;0;0;0;0;20; ; ;28;28;0;2;2760;10248;1029
09;0901;090150;12;3;18;2;14;5;0;0;0;0;0;0;0;0;0;0;0;8;5;8;14;5;0;0;0;0;0;0;0;0;0;0;0;8; ; ;27;27;12;26;4773;9882;1807
09;0901;090150;12;3;18;2;0;3;1;4;0;0;0;1;0;0;0;0;0;25;3;10;0;3;1;4;0;0;0;1;0;0;0;0;0;25; ; ;34;34;4;75;8656;12444;2357
17;1701;170150;12;3;18;2;0;0;0;0;0;0;0;0;0;0;0;0;0;10;0;0;0;0;0;0;0;0;0;0;0;0;0;0;0;10; ; ;10;10;0;0;647;3660;393
17;1701;170150;12;3;18;2;0;0;20;23;0;0;0;0;0;0;0;0;0;0;0;0;0;0;20;23;0;0;0;0;0;0;0;0;0;0; ; ;43;43;2;0;7357;15738;3101
17;1701;170150;12;3;18;2;0;0;0;9;0;0;0;0;0;0;0;0;0;53;0;0;0;0;0;9;0;0;0;0;0;0;0;0;0;39; ; ;62;48;3;5;2668;17568;1004
17;1701;170150;12;3;18;2;0;0;0;0;0;0;0;0;0;0;0;0;0;10;0;0;0;0;0;0;0;0;0;0;0;0;0;0;0;10; ; ;10;10;1;1;228;3660;118
17;1701;170150;12;3;18;2;1;5;0;6;1;7;0;4;3;0;1;1;0;0;3;5;1;5;0;6;1;7;0;4;3;0;1;1;0;0; ; ;29;29;13;60;5381;10614;581
17;1701;170150;12;3;18;2;0;0;0;0;0;0;0;0;0;0;0;0;0;25;0;8;0;0;0;0;0;0;0;0;0;0;0;0;0;25; ; ;25;25;12;45;7121;9150;1438
17;1701;170150;12;3;18;2;2;8;1;2;0;0;0;2;0;0;1;0;0;0;3;2;2;8;1;2;0;0;0;2;0;0;1;0;0;0; ; ;16;16;2;1;2322;5856;981
17;1701;170150;12;3;18;2;13;2;1;5;0;0;0;0;0;0;0;1;0;0;3;0;13;2;1;5;0;0;0;0;0;0;0;1;0;0; ; ;22;22;2;1;2087;8052;1026
17;1701;170184;12;3;18;2;11;0;0;1;0;0;0;0;0;0;0;0;0;0;0;0;11;0;0;1;0;0;0;0;0;0;0;0;0;0; ; ;12;12;2;2;1809;4392;794
17;1701;170150;12;3;18;2;0;0;0;11;0;0;0;0;0;0;0;0;0;20;2;2;0;0;0;11;0;0;0;0;0;0;0;0;0;20; ; ;31;31;0;0;3693;11346;2606
17;1701;170150;2;1;18;2;0;0;0;0;0;0;0;0;0;0;0;0;0;66;0;17;0;0;0;0;0;0;0;0;0;0;0;0;0;63; ; ;66;63;11;96;18457;23127;4192
17;1701;170150;12;3;18;2;0;0;0;0;0;0;0;0;0;0;0;0;6;3;0;17;0;0;0;0;0;0;0;0;0;0;0;0;6;3; ; ;9;9;16;107;4811;3294;296
17;1701;170150;12;3;18;2;0;0;0;0;0;0;25;0;0;0;0;0;85;0;0;0;0;0;0;0;0;0;20;0;0;0;0;0;70;0; ; ;110;90;5;79;23677;32880;338
17;1701;170150;12;3;18;2;0;0;0;6;0;0;0;0;0;0;0;0;0;9;1;0;0;0;0;6;0;0;0;0;0;0;0;0;0;9; ; ;15;15;1;1;489;5490;311
17;1701;170150;12;3;18;2;0;0;0;0;0;0;0;0;0;0;0;0;0;19;0;5;0;0;0;0;0;0;0;0;0;0;0;0;0;19; ; ;19;19;9;10;2995;6954;791
17;1701;170150;12;3;18;2;42;0;0;0;0;0;0;0;0;0;0;0;0;0;9;5;42;0;0;0;0;0;0;0;0;0;0;0;0;0; ; ;42;42;16;24;12651;15372;5064
17;1701;170150;12;3;18;2;0;0;0;0;0;0;0;0;0;0;0;0;0;31;0;0;0;0;0;0;0;0;0;0;0;0;0;0;0;31; ; ;31;31;1;8;4580;8494;533
17;1701;170150;12;3;18;2;0;0;0;0;0;0;0;0;0;0;0;0;0;15;0;0;0;0;0;0;0;0;0;0;0;0;0;0;0;15; ; ;15;15;1;0;930;5490;488
17;1701;170150;12;3;18;2;0;0;0;21;0;0;0;0;0;0;0;0;0;24;0;0;0;0;0;21;0;0;0;0;0;0;0;0;0;20; ; ;45;41;20;62;12982;15158;1954
17;1701;170150;12;3;18;2;0;0;0;3;0;0;0;0;0;0;0;0;0;7;0;0;0;0;0;3;0;0;0;0;0;0;0;0;0;7; ; ;10;10;0;0;1579;3660;889
17;1701;170150;2;1;18;2;0;0;0;8;0;0;0;0;0;0;0;0;0;20;0;0;0;0;0;8;0;0;0;0;0;0;0;0;0;20; ; ;28;28;4;6;3368;10248;1068
17;1701;170157;2;1;18;2;16;20;8;27;5;5;2;8;2;5;5;0;16;0;0;0;16;20;8;27;5;5;2;8;2;5;5;0;16;0; ; ;119;119;16;48;16854;43554;3847
17;1701;170157;2;1;18;2;8;2;2;14;4;1;0;23;13;1;5;1;9;6;11;12;6;2;2;6;2;1;0;12;4;2;3;1;6;5; ; ;89;52;8;18;6691;18257;1970
17;1701;170150;2;1;18;2;0;0;0;10;0;0;0;0;0;0;0;0;0;130;0;0;0;0;0;10;0;0;0;0;0;0;0;0;0;122; ; ;140;132;17;55;32395;48174;11124
17;1701;170150;2;1;18;2;0;0;0;0;0;0;0;0;0;0;0;0;0;75;18;10;0;0;0;0;0;0;0;0;0;0;0;0;0;75; ; ;75;75;13;42;18095;27450;5857
17;1701;170150;12;3;18;2;0;0;0;0;0;0;199;0;0;0;0;0;48;0;0;0;0;0;0;0;0;0;199;0;0;0;0;0;48;0; ; ;247;247;6;81;125095;90402;611
17;1701;170150;12;3;18;2;0;0;0;0;0;0;0;0;0;0;0;0;0;70;0;0;0;0;0;0;0;0;0;0;0;0;0;0;0;70; ; ;70;70;3;7;7436;25620;3444
17;1701;170150;12;3;18;2;48;6;15;6;0;0;0;0;0;0;0;0;0;0;0;6;48;6;15;6;0;0;0;0;0;0;0;0;0;0; ; ;75;75;8;10;16409;27450;5799
17;1701;170150;8;2;15;3;0;50;0;46;0;0;0;0;0;0;0;0;68;0;0;0;0;50;0;46;0;0;0;0;0;0;0;0;68;0; ; ;164;164;21;101;31151;60024;6586
01;0101;010150;12;3;18;2;0;0;0;0;0;0;0;0;0;0;0;0;0;12;0;0;0;0;0;0;0;0;0;0;0;0;0;0;0;12; ; ;12;12;0;0;4;2184;4
09;0901;090150;12;3;18;2;0;5;0;0;0;0;0;36;0;0;0;0;0;0;3;0;0;5;0;0;0;0;0;36;0;0;0;0;0;0; ; ;41;41;0;0;192;14924;68
01;0101;010150;12;3;18;2;6;4;0;1;0;0;0;0;0;0;0;0;0;1;0;0;6;4;0;1;0;0;0;0;0;0;0;0;0;1; ; ;12;12;1;0;1;4392;1
01;0101;010150;12;3;18;2;0;0;0;0;0;0;0;0;0;0;0;0;0;11;0;0;0;0;0;0;0;0;0;0;0;0;0;0;0;11; ; ;11;11;0;0;100;4026;53
17;1701;170150;12;3;18;2;0;0;0;0;2;0;0;0;0;0;0;0;0;12;0;0;0;0;0;0;2;0;0;0;0;0;0;0;0;12; ; ;14;14;0;1;1254;5124;780
23;2301;230150;12;3;17;3;0;0;0;1;0;0;0;0;0;0;0;0;0;13;0;0;0;0;0;1;0;0;0;0;0;0;0;0;0;13; ; ;14;14;0;0;335;5124;206
07;0701;070150;12;3;18;2; ; ; ; ; ; ; ; ; ; ; ; ; ; ; ; ; ; ; ; ; ; ; ; ; ; ; ; ; ; ; ; ; ; ;0;0;62; ;32
17;1701;170150;12;3;18;2;0;0;0;4;0;0;0;0;0;0;0;0;8;0;0;0;0;0;0;4;0;0;0;0;0;0;0;0;8;0; ; ;12;12;0;0;257;4392;171
23;2301;230150;12;3;18;2;0;0;11;5;0;0;0;0;0;0;0;0;0;0;0;0;0;0;11;5;0;0;0;0;0;0;0;0;0;0; ; ;16;16;0;0;236;5856;154
23;2301;230150;12;3;18;2;0;0;0;6;0;0;0;0;0;0;0;0;0;29;0;0;0;0;0;6;0;0;0;0;0;0;0;0;0;29; ; ;35;35;10;6;3647;12810;1743
03;0301;030150;12;3;18;2;0;0;0;1;0;0;0;0;0;0;0;0;0;10;2;0;0;0;0;1;0;0;0;0;0;0;0;0;0;10; ; ;11;11;0;1;890;4026;527
09;0901;090150;12;3;18;2;0;0;0;0;0;0;0;0;0;0;0;0;0;8;0;0;0;0;0;0;0;0;0;0;0;0;0;0;0;8; ; ;8;8;0;0;157;2928;60
09;0906;090650;12;3;17;3;0;0;0;0;0;0;0;0;0;0;0;0;0;6;0;0;0;0;0;0;0;0;0;0;0;0;0;0;0;6; ; ;6;6;0;0;135;2134;60
07;0701;070150;12;3;18;2;0;0;0;0;0;0;0;0;0;0;0;0;0;18;2;0;0;0;0;0;0;0;0;0;0;0;0;0;0;18; ; ;18;18;5;1;2128;5195;1210
12;1205;120550;12;3;18;2;0;0;0;2;0;0;0;0;0;0;0;0;0;8;2;0;0;0;0;2;0;0;0;0;0;0;0;0;0;8; ; ;10;10;0;0;106;3660;55
17;1701;170150;12;3;18;2;0;0;0;0;0;0;0;0;0;0;0;0;0;12;0;0;0;0;0;0;0;0;0;0;0;0;0;0;0;12; ; ;12;12;0;0;830;4392;466
23;2301;230150;12;3;18;2;0;0;3;8;0;0;0;0;0;0;0;0;0;20;4;3;0;0;3;8;0;0;0;0;0;0;0;0;0;20; ; ;31;31;3;1;2537;11346;780
21;2101;210150;12;3;18;2;0;0;0;0;0;0;0;0;0;0;0;0;0;72;13;0;0;0;0;0;0;0;0;0;0;0;0;0;0;72; ; ;72;72;12;34;10090;26352;3121
17;1701;170157;12;3;18;2;0;0;0;1;0;0;0;0;0;0;0;0;0;12;4;0;0;0;0;1;0;0;0;0;0;0;0;0;0;12; ; ;13;13;0;0;790;4758;447
01;0101;010150;12;3;18;2;8;2;0;0;0;0;0;0;0;0;0;0;0;0;0;0;8;2;0;0;0;0;0;0;0;0;0;0;0;0; ; ;10;10;2;2;825;3660;401
01;0101;010150;12;3;18;2;5;3;2;0;0;0;0;0;0;0;0;0;0;0;0;0;5;3;2;0;0;0;0;0;0;0;0;0;0;0; ; ;10;10;2;3;2359;3660;1571
09;0901;090150;13;1;18;2;0;0;0;0;0;0;0;0;0;0;0;0;0;2;0;0;0;0;0;0;0;0;0;0;0;0;0;0;0;2; ; ;2;2;0;0;21;732;16
09;0901;090150;12;3;18;2;0;0;0;0;0;0;0;0;0;0;0;0;0;19;3;3;0;0;0;0;0;0;0;0;0;0;0;0;0;19; ; ;19;19;9;15;4853;6954;2913
09;0911;091150;12;3;18;2;0;0;0;0;0;0;0;0;0;0;0;0;0;4;0;0;0;0;0;0;0;0;0;0;0;0;0;0;0;4; ; ;4;4;0;0;29;1464;20
07;0701;070150;12;3;18;2;0;0;6;1;0;0;0;0;0;0;0;0;0;0;0;0;0;0;6;1;0;0;0;0;0;0;0;0;0;0; ; ;7;7;0;0;28;2554;12
07;0701;070150;12;3;18;2;0;0;0;1;0;0;0;0;0;0;0;0;0;3;0;0;0;0;0;1;0;0;0;0;0;0;0;0;0;3; ; ;4;4;3;0;131;1371;96
07;0706;070650;12;3;18;2;0;0;3;0;0;0;0;0;0;0;0;0;0;3;0;0;0;0;3;0;0;0;0;0;0;0;0;0;0;3; ; ;6;6;0;0;28;2171;25
12;1201;120150;12;3;18;2;0;0;0;0;0;0;0;0;0;0;0;0;0;14;0;0;0;0;0;0;0;0;0;0;0;0;0;0;0;14; ; ;14;14;0;0;50;5124;39
12;1201;120150;12;3;18;2;0;0;0;0;0;0;0;0;0;0;0;0;0;10;0;0;0;0;0;0;0;0;0;0;0;0;0;0;0;10; ; ;10;10;0;0;63;3660;48
13;1308;130850;12;3;18;2;0;0;0;0;0;0;0;0;0;0;0;0;0;6;0;0;0;0;0;0;0;0;0;0;0;0;0;0;0;6; ; ;6;6;0;0;1032;2196;964
23;2301;230150;13;1;18;2;0;0;5;4;0;0;0;0;0;0;0;0;0;0;0;0;0;0;5;4;0;0;0;0;0;0;0;0;0;0; ; ;9;9;0;0;49;1597;39
09;0901;090150;12;3;18;2;0;0;0;0;0;0;0;0;0;0;0;0;0;2;1;1;0;0;0;0;0;0;0;0;0;0;0;0;0;2; ; ;2;2;0;0;6;732;4
09;0901;090150;12;3;18;2;0;0;0;0;0;0;0;0;0;0;0;0;0;14;1;0;0;0;0;0;0;0;0;0;0;0;0;0;0;14; ; ;14;14;2;1;3061;4753;1774
09;0901;090150;12;3;18;2;0;0;0;0;0;0;0;0;0;0;0;0;0;4;1;0;0;0;0;0;0;0;0;0;0;0;0;0;0;4; ; ;4;4;0;0;91;1464;42
09;0901;090150;12;3;17;3;0;0;22;5;0;0;0;0;0;0;0;0;2;0;0;0;0;0;22;5;0;0;0;0;0;0;0;0;2;0; ; ;29;29;0;0;3450;10614;2072
23;2302;230250;12;3;18;2;0;0;0;0;0;0;0;0;0;0;0;0;0;6;1;0;0;0;0;0;0;0;0;0;0;0;0;0;0;4; ; ;6;4;0;0;26;1402;24
17;1701;170150;12;3;18;2;0;0;0;0;0;0;0;0;0;0;0;0;0;1;0;0;0;0;0;0;0;0;0;0;0;0;0;0;0;1; ; ;1;1;0;0;52;366;34
09;0906;090650;12;3;18;2;4;0;8;0;0;0;0;0;0;0;0;0;0;0;0;0;4;0;8;0;0;0;0;0;0;0;0;0;0;0; ; ;12;12;0;0;1143;4392;1113
07;0701;070150;12;3;18;2;0;0;0;3;0;0;0;0;0;0;0;0;0;5;2;1;0;0;0;3;0;0;0;0;0;0;0;0;0;5; ; ;8;8;0;0;148;4026;97
12;1201;120150;12;3;18;2;0;0;7;4;0;0;0;0;0;0;0;0;0;10;3;0;0;0;7;4;0;0;0;0;0;0;0;0;0;10; ; ;21;21;1;0;1236;7686;722
12;1201;120150;12;3;18;2;0;0;0;0;0;0;0;0;0;0;0;0;0;5;0;0;0;0;0;0;0;0;0;0;0;0;0;0;0;5; ; ;5;5;0;0;81;1830;47
23;2302;230250;12;3;18;2;0;0;0;0;0;0;0;0;0;0;0;0;0;10;0;0;0;0;0;0;0;0;0;0;0;0;0;0;0;10; ; ;10;10;0;0;107;3660;105
17;1701;170150;12;3;18;2;0;0;0;4;0;0;0;0;0;0;0;0;0;20;0;0;0;0;0;4;0;0;0;0;0;0;0;0;0;20; ; ;24;24;2;0;5804;8784;2887
17;1701;170150;12;3;18;2;0;0;0;1;0;0;0;0;0;0;0;0;0;7;1;0;0;0;0;1;0;0;0;0;0;0;0;0;0;7; ; ;8;8;2;1;70;2928;52
03;0301;030150;12;3;18;2;12;1;0;0;0;0;0;0;0;0;0;0;0;1;0;0;12;1;0;0;0;0;0;0;0;0;0;0;0;1; ; ;14;14;2;1;2201;5124;1484
01;0101;010150;12;3;18;2;0;0;0;0;0;0;0;0;0;0;0;0;0;8;0;0;0;0;0;0;0;0;0;0;0;0;0;0;0;8; ; ;8;8;0;0;157;2928;157
09;0901;090150;12;3;18;2;0;0;0;0;0;0;0;0;0;0;0;0;0;7;5;0;0;0;0;0;0;0;0;0;0;0;0;0;0;7; ; ;7;7;0;0;430;2562;392
12;1201;120150;12;3;18;2;0;0;0;8;0;0;0;0;0;0;0;0;0;15;2;0;0;0;0;8;0;0;0;0;0;0;0;0;0;15; ; ;23;23;2;0;834;8418;453
12;1201;120150;13;1;18;2;4;0;6;0;0;0;0;0;0;0;0;0;0;0;2;0;4;0;6;0;0;0;0;0;0;0;0;0;0;0; ; ;10;10;0;0;171;3660;107
09;0901;090150;12;3;18;2;2;4;4;0;0;0;0;0;0;0;0;0;0;0;0;0;2;4;4;0;0;0;0;0;0;0;0;0;0;0; ; ;10;10;0;0;341;3660;230
17;1701;170150;12;3;17;3;0;0;0;0;0;0;0;0;0;0;0;0;0;51;0;0;0;0;0;0;0;0;0;0;0;0;0;0;0;51; ; ;51;51;6;69;11370;18666;82
17;1701;170150;12;3;18;2;0;0;6;2;0;0;0;0;0;0;0;0;0;0;0;0;0;0;6;2;0;0;0;0;0;0;0;0;0;0; ; ;8;8;0;0;179;2928;123
08;0801;080150;12;3;18;2;0;0;0;0;0;0;0;0;0;0;0;0;0;9;2;0;0;0;0;0;0;0;0;0;0;0;0;0;0;9; ; ;9;9;1;0;187;3294;166
17;1701;170150;12;3;18;2;1;1;5;1;0;1;0;0;0;0;1;0;0;0;0;0;1;1;5;1;0;1;0;0;0;0;1;0;0;0; ; ;10;10;0;0;187;3660;116
17;1701;170150;12;3;18;2;0;0;0;0;0;0;0;0;0;0;0;0;0;5;0;0;0;0;0;0;0;0;0;0;0;0;0;0;0;5; ; ;5;5;1;0;336;1830;209
11;1101;110150;12;3;18;2;0;0;0;0;0;0;0;0;0;0;0;0;0;6;0;0;0;0;0;0;0;0;0;0;0;0;0;0;0;6; ; ;6;6;1;0;164;2196;51
09;0901;090150;12;3;18;2;0;0;0;0;0;0;0;0;0;0;0;0;0;8;0;0;0;0;0;0;0;0;0;0;0;0;0;0;0;8; ; ;8;8;0;0;23;2928;20
09;0901;090150;12;3;18;2;0;0;0;0;0;0;0;0;0;0;0;0;0;10;1;0;0;0;0;0;0;0;0;0;0;0;0;0;0;10; ; ;10;10;0;0;283;3660;103
07;0701;070150;12;3;18;2;4;4;2;2;1;0;0;1;0;0;0;0;0;0;0;0;4;4;2;2;1;0;0;1;0;0;0;0;0;0; ; ;14;14;0;0;385;4915;197
09;0908;090850;12;3;18;2;0;0;6;1;0;0;0;0;0;0;0;0;0;7;0;0;0;0;6;1;0;0;0;0;0;0;0;0;0;7; ; ;14;14;0;0;286;5124;261
17;1701;170155;2;1;1;1;42;53;34;43;0;0;0;0;0;0;0;0;0;0;0;0;39;29;29;40;0;0;0;0;0;0;0;0;0;0; ; ;172;137;35;123;38173;50005;7488
17;1701;170150;12;3;18;2;0;0;0;0;0;0;0;0;0;0;0;0;0;10;0;0;0;0;0;0;0;0;0;0;0;0;0;0;0;10; ; ;10;10;2;0;963;3660;722
17;1701;170150;12;3;18;2;0;0;0;0;0;0;0;0;0;0;0;0;0;19;4;2;0;0;0;0;0;0;0;0;0;0;0;0;0;18; ; ;19;18;5;4;1255;6679;469
10;1001;100150;12;3;18;2; ; ; ; ; ; ; ; ; ; ; ; ; ; ; ; ; ; ; ; ; ; ; ; ; ; ; ; ; ; ; ; ; ; ;0;0;8; ;4
10;1001;100150;12;3;18;2;0;0;0;2;0;0;0;0;0;0;0;0;0;6;0;0;0;0;0;2;0;0;0;0;0;0;0;0;0;6; ; ;8;8;0;0;63;2928;63
10;1001;100150;12;3;18;2;0;0;0;2;0;0;0;0;0;0;0;0;0;14;4;2;0;0;0;2;0;0;0;0;0;0;0;0;0;14; ; ;16;16;2;0;1021;5856;595
10;1002;100250;12;3;18;2;0;0;0;0;0;0;0;0;0;0;0;0;0;7;0;0;0;0;0;0;0;0;0;0;0;0;0;0;0;7; ; ;7;7;2;1;349;2562;187
04;0401;040150;12;3;18;2;6;2;2;0;0;0;0;0;0;0;0;0;0;0;0;0;6;2;2;0;0;0;0;0;0;0;0;0;0;0; ; ;10;10;0;0;282;3660;229
04;0401;040150;12;3;18;2;0;0;0;2;0;0;0;0;0;0;0;0;0;8;0;0;0;0;0;2;0;0;0;0;0;0;0;0;0;8; ; ;10;10;0;0;341;3660;266
21;2101;210150;12;3;18;2;0;0;0;1;0;0;0;0;0;0;0;0;0;3;0;0;0;0;0;1;0;0;0;0;0;0;0;0;0;3; ; ;4;4;0;0;3;240;3
21;2101;210150;12;3;18;2;0;0;0;0;0;0;0;0;0;0;0;0;0;9;0;0;0;0;0;0;0;0;0;0;0;0;0;0;0;9; ; ;9;9;0;0;715;3355;466
21;2101;210150;12;3;18;2;4;1;1;1;0;0;0;0;0;0;0;0;0;0;0;0;4;1;1;1;0;0;0;0;0;0;0;0;0;0; ; ;7;7;0;0;77;2562;62
08;0801;080150;12;3;18;2;1;2;3;1;0;0;0;1;0;0;0;0;0;0;0;0;1;2;3;1;0;0;0;1;0;0;0;0;0;0; ; ;8;8;1;0;782;2928;478
08;0801;080150;12;3;18;2;0;0;0;1;0;0;0;0;0;0;0;0;0;10;1;0;0;0;0;1;0;0;0;0;0;0;0;0;0;10; ; ;11;11;0;0;423;4026;283
08;0801;080150;12;3;18;2;0;0;0;0;0;0;0;0;0;0;0;0;0;10;0;0;0;0;0;0;0;0;0;0;0;0;0;0;0;10; ; ;10;10;0;0;407;3660;376
08;0804;080450;12;3;18;2;0;0;0;0;0;0;0;0;0;0;0;0;0;11;0;0;0;0;0;0;0;0;0;0;0;0;0;0;0;11; ; ;11;11;0;0;287;4026;255
08;0804;080450;12;3;18;2;0;2;0;0;0;0;0;0;0;0;0;0;0;9;3;0;0;2;0;0;0;0;0;0;0;0;0;0;0;9; ; ;11;11;0;0;344;4026;304
17;1701;170156;12;3;18;2;0;0;0;2;0;0;0;0;0;0;0;0;0;8;0;0;0;0;0;2;0;0;0;0;0;0;0;0;0;8; ; ;10;10;1;1;645;3660;434
17;1701;170150;12;3;18;2;0;0;0;6;0;0;0;0;0;0;0;0;0;8;0;0;0;0;0;6;0;0;0;0;0;0;0;0;0;8; ; ;14;14;0;0;301;5124;160
17;1701;170150;12;3;18;2;0;0;0;0;0;0;0;0;0;0;0;0;0;8;0;0;0;0;0;0;0;0;0;0;0;0;0;0;0;8; ; ;8;8;1;0;293;2928;175
17;1701;170180;12;3;18;2;0;0;0;2;0;0;0;0;0;0;0;0;0;10;2;0;0;0;0;2;0;0;0;0;0;0;0;0;0;10; ; ;12;12;0;1;242;4392;98
17;1701;170150;12;3;18;2;0;0;0;1;0;0;0;0;0;0;0;0;0;11;0;0;0;0;0;1;0;0;0;0;0;0;0;0;0;11; ; ;12;12;0;0;291;4392;204
10;1001;100150;12;3;18;2;0;0;0;2;0;0;0;0;0;0;0;0;0;16;2;1;0;0;0;2;0;0;0;0;0;0;0;0;0;16; ; ;18;18;5;1;1587;6588;992
10;1001;100150;12;3;18;2;0;0;0;0;0;0;0;0;0;0;0;0;0;8;1;0;0;0;0;0;0;0;0;0;0;0;0;0;0;8; ; ;8;8;0;0;229;2928;228
17;1701;170150;12;3;18;2;0;0;0;0;0;0;0;0;0;0;0;0;0;11;0;0;0;0;0;0;0;0;0;0;0;0;0;0;0;11; ; ;11;11;1;0;545;4026;360
17;1701;170150;12;3;18;2;0;0;25;24;0;0;0;0;0;0;0;0;0;0;0;0;0;0;25;24;0;0;0;0;0;0;0;0;0;0; ; ;49;49;0;0;3773;17873;1994
17;1701;170150;12;3;18;2;3;2;2;1;1;1;1;1;0;0;1;0;0;0;0;0;3;2;2;1;1;1;1;1;0;0;1;0;0;0; ; ;13;13;0;0;904;4758;644
10;1001;100150;12;3;18;2;0;0;0;0;0;0;0;0;0;0;0;0;0;18;3;1;0;0;0;0;0;0;0;0;0;0;0;0;0;18; ; ;18;18;1;3;2567;6588;1322
17;1701;170150;12;3;18;2;0;0;0;0;0;0;0;0;0;0;0;0;0;23;0;7;0;0;0;0;0;0;0;0;0;0;0;0;0;20; ; ;23;20;31;74;6212;7322;1661
17;1701;170150;12;3;18;2;0;0;0;0;0;0;0;0;0;0;0;0;0;9;0;0;0;0;0;0;0;0;0;0;0;0;0;0;0;9; ; ;9;9;0;0;2397;3294;1318
17;1701;170150;12;3;18;2;0;0;0;3;0;0;0;0;0;0;0;0;2;17;0;0;0;0;0;3;0;0;0;0;0;0;0;0;2;17; ; ;22;22;0;0;1467;8052;868
17;1701;170150;12;3;18;2;0;0;2;4;0;0;0;0;0;0;0;0;0;0;0;0;0;0;2;4;0;0;0;0;0;0;0;0;0;0; ; ;6;6;0;0;56;2196;39
17;1701;170150;12;3;18;2;0;0;0;2;0;0;0;0;0;0;0;0;0;7;0;0;0;0;0;2;0;0;0;0;0;0;0;0;0;7; ; ;9;9;1;1;1020;3294;568
17;1701;170150;12;3;18;2;0;0;0;3;0;0;0;0;0;0;0;0;0;12;0;0;0;0;0;3;0;0;0;0;0;0;0;0;0;12; ; ;15;15;0;0;2725;5490;1370
17;1701;170150;1;5;18;2;0;0;0;0;0;0;0;0;0;0;0;0;0;7;0;0;0;0;0;0;0;0;0;0;0;0;0;0;0;7; ; ;7;7;0;0;537;2562;301
05;0501;050150;12;3;18;2;0;0;0;2;0;0;0;0;0;0;0;0;0;12;0;0;0;0;0;2;0;0;0;0;0;0;0;0;0;12; ; ;14;14;1;0;687;5110;444
05;0501;050150;12;3;18;2;0;0;0;0;0;0;0;0;0;0;0;0;0;11;0;2;0;0;0;0;0;0;0;0;0;0;0;0;0;11; ; ;11;11;2;1;708;4015;457
05;0501;050103;12;3;18;2;0;0;0;7;0;0;0;0;0;0;0;0;0;9;0;0;0;0;0;7;0;0;0;0;0;0;0;0;0;9; ; ;16;16;0;0;1369;434;748
05;0505;050550;1;5;18;2;0;0;0;0;0;0;0;0;0;0;0;0;0;4;0;0;0;0;0;0;0;0;0;0;0;0;0;0;0;4; ; ;4;4;0;0;183;1460;119
05;0505;050550;12;3;18;2;0;0;0;0;0;0;0;0;0;0;0;0;0;7;0;0;0;0;0;0;0;0;0;0;0;0;0;0;0;7; ; ;7;7;1;0;614;2555;376
06;0601;060150;12;3;18;2;0;0;0;0;0;0;0;0;0;0;0;0;0;7;0;0;0;0;0;0;0;0;0;0;0;0;0;0;0;7; ; ;7;7;0;1;738;2555;410
06;0601;060150;1;5;18;2;2;1;2;0;0;0;0;2;0;0;0;0;0;8;1;2;2;1;2;0;0;0;0;2;0;0;0;0;0;8; ; ;15;15;1;1;1823;5475;903
06;0601;060150;1;5;18;2;4;2;1;2;0;0;0;0;0;0;0;0;0;0;1;0;4;2;1;2;0;0;0;0;0;0;0;0;0;0; ; ;9;9;2;0;287;3285;183
18;1801;180150;1;5;18;2;4;4;4;2;0;0;0;0;0;0;0;0;0;0;0;0;4;4;4;2;0;0;0;0;0;0;0;0;0;0; ; ;14;14;0;2;464;5110;326
18;1801;180150;1;5;18;2;0;0;0;0;0;0;0;0;0;0;0;0;0;5;0;0;0;0;0;0;0;0;0;0;0;0;0;0;0;5; ; ;5;5;0;0;134;1825;73
18;1801;180150;12;3;18;2;0;0;0;0;0;0;0;0;0;0;0;0;0;11;0;0;0;0;0;0;0;0;0;0;0;0;0;0;0;11; ; ;11;11;3;2;952;4015;475
06;0601;060150;12;3;18;2;0;0;0;0;0;0;0;0;0;0;0;0;0;15;0;0;0;0;0;0;0;0;0;0;0;0;0;0;0;15; ; ;15;15;1;2;1261;5475;686
09;0901;090150;2;1;18;2;53;6;6;6;16;2;0;8;2;0;9;6;0;0;7;12;53;6;6;6;16;2;0;8;2;0;9;6;0;0; ; ;114;114;23;97;19628;41724;3627
09;0901;090150;12;3;18;2;49;0;11;36;0;0;0;0;5;0;0;0;0;0;7;10;49;0;11;36;0;0;0;0;5;0;0;0;0;0; ; ;101;101;9;82;16962;36966;3939
09;0916;091650;12;3;18;2;13;5;0;9;0;0;0;0;0;0;0;0;0;0;0;0;13;5;0;9;0;0;0;0;0;0;0;0;0;0; ; ;27;27;3;1;2362;4678;985
17;1701;170111;4;1;1;1;0;0;170;0;0;0;0;0;0;0;0;0;40;0;0;0;0;0;42;0;0;0;0;0;0;0;0;0;41;0; ; ;210;83;12;31;20077;30295;5749
13;1301;130150;1;5;18;2;0;0;0;0;0;0;0;0;0;0;0;0;0;7;0;0;0;0;0;0;0;0;0;0;0;0;0;0;0;7; ; ;7;7;1;0;322;644;298
12;1205;120501;12;3;18;2;0;0;3;1;0;0;0;0;0;0;0;0;0;0;0;0;0;0;3;1;0;0;0;0;0;0;0;0;0;0; ; ;4;4;0;0;24;612;22
09;0901;090112;2;1;13;3;0;0;247;0;0;0;0;0;0;0;0;0;0;0;0;0;0;0;247;0;0;0;0;0;0;0;0;0;0;0; ; ;247;247;40;174;89414;28774;24635
23;2301;230150;12;3;18;2;0;0;0;0;0;0;0;0;0;0;0;0;0;10;0;0;0;0;0;0;0;0;0;0;0;0;0;0;0;10; ; ;10;10;0;0;41;3660;39
13;1314;131402;12;3;18;2;0;0;6;0;0;0;0;0;0;0;0;0;0;8;0;0;0;0;6;0;0;0;0;0;0;0;0;0;0;8; ; ;14;14;0;0;130;3836;32
09;0901;090150;12;3;18;2;5;1;2;2;2;0;0;7;0;0;0;0;0;9;0;0;5;1;2;2;2;0;0;7;0;0;0;0;0;9; ; ;28;28;0;0;135;3294;84
09;0901;090150;12;3;18;2;0;0;0;0;0;0;0;0;0;0;0;0;0;8;3;2;0;0;0;0;0;0;0;0;0;0;0;0;0;8; ; ;8;8;5;0;431;2920;262
09;0901;090150;12;3;18;2;0;3;0;0;0;0;0;0;0;0;0;0;0;0;1;0;0;3;0;0;0;0;0;0;0;0;0;0;0;0; ; ;3;3;0;0;13;363;13
23;2301;230150;12;3;18;2;0;5;8;4;0;0;0;0;8;0;0;0;0;105;8;12;0;5;8;4;0;0;0;0;8;0;0;0;0;105; ; ;130;130;1;0;1802;47580;711
13;1304;130450;12;3;18;2;1;1;1;2;0;0;0;0;0;0;0;0;0;0;0;0;1;1;1;2;0;0;0;0;0;0;0;0;0;0; ; ;5;5;0;0;120;1830;118
13;1301;130150;12;3;18;2;0;2;3;2;0;0;0;0;0;0;0;0;0;7;2;0;0;2;3;2;0;0;0;0;0;0;0;0;0;7; ; ;14;14;0;1;369;1701;236
17;1701;170150;12;3;18;2;0;0;0;2;0;0;0;0;0;0;0;0;2;15;6;2;0;0;0;2;0;0;0;0;0;0;0;0;2;15; ; ;19;19;0;12;2138;6954;900
21;2101;210150;12;3;18;2;0;0;0;3;0;0;0;0;0;0;0;0;0;8;0;0;0;0;0;3;0;0;0;0;0;0;0;0;0;8; ; ;11;11;0;0;24;4026;19
01;0101;010150;2;1;18;2;0;0;0;0;0;0;0;0;0;0;0;0;0;12;3;3;0;0;0;0;0;0;0;0;0;0;0;0;0;12; ; ;12;12;3;1;1964;4392;1335
05;0501;050104;1;5;18;2;2;3;3;1;0;0;0;1;0;0;0;0;0;0;4;0;2;3;3;1;0;0;0;1;0;0;0;0;0;0; ; ;10;10;0;1;560;3650;241
05;0501;050104;1;5;18;2;0;0;0;0;0;0;0;0;0;0;0;0;0;4;0;2;0;0;0;0;0;0;0;0;0;0;0;0;0;4; ; ;4;4;0;0;646;1460;393
06;0601;060101;13;1;18;2;0;0;0;0;0;0;0;0;0;0;0;0;0;5;0;0;0;0;0;0;0;0;0;0;0;0;0;0;0;5; ; ;5;5;0;0;269;1825;188
12;1213;121350;12;3;18;2;8;0;1;2;0;0;0;0;0;0;0;0;0;0;1;0;8;0;1;2;0;0;0;0;0;0;0;0;0;0; ; ;11;11;0;0;142;4026;136
05;0501;050150;1;5;18;2;1;2;1;1;1;0;0;1;0;0;0;1;0;0;2;0;1;2;1;1;1;0;0;1;0;0;0;1;0;0; ; ;8;8;0;0;773;2920;441
18;1801;180150;1;5;18;2;0;0;0;2;0;0;0;0;0;0;0;0;0;13;3;1;0;0;0;2;0;0;0;0;0;0;0;0;0;13; ; ;15;15;6;3;1766;5475;1074
18;1801;180150;1;5;18;2;2;6;0;0;0;0;0;0;0;0;0;0;0;0;0;0;2;6;0;0;0;0;0;0;0;0;0;0;0;0; ; ;8;8;1;0;779;2920;441
18;1808;180850;1;5;18;2;12;1;1;3;0;0;0;0;0;0;0;0;0;0;0;0;12;1;1;3;0;0;0;0;0;0;0;0;0;0; ; ;17;17;0;0;606;6205;181
18;1801;180150;1;5;18;2;0;0;0;0;0;0;0;0;0;0;0;0;0;16;0;0;0;0;0;0;0;0;0;0;0;0;0;0;0;16; ; ;16;16;0;1;183;4380;83
18;1801;180150;1;5;18;2;0;0;0;2;0;0;0;0;0;0;0;0;0;14;2;2;0;0;0;2;0;0;0;0;0;0;0;0;0;14; ; ;16;16;5;9;2172;9490;1141
02;0201;020150;12;3;18;2;2;2;2;3;0;0;0;0;0;0;0;0;0;1;0;0;2;2;2;2;0;0;0;0;0;0;0;0;0;1; ; ;10;9;0;0;612;3294;127
09;0901;090150;17;1;18;2;0;0;0;0;0;0;0;0;0;0;0;0;0;2;0;0;0;0;0;0;0;0;0;0;0;0;0;0;0;2; ; ;2;2;0;0;15;702;15
09;0901;090150;12;3;18;2;0;0;0;0;0;0;0;0;0;0;0;0;0;30;0;0;0;0;0;0;0;0;0;0;0;0;0;0;0;30; ; ;30;30;0;2;1088;10980;368
09;0901;090150;12;3;18;2;0;0;0;0;0;0;0;0;0;0;0;0;0;15;1;0;0;0;0;0;0;0;0;0;0;0;0;0;0;15; ; ;15;15;2;2;693;5490;361
09;0901;090150;13;1;18;2;0;0;30;15;0;0;0;0;0;0;0;0;0;0;0;0;0;0;16;12;0;0;0;0;0;0;0;0;0;0; ; ;45;28;0;2;914;10308;493
09;0901;090150;12;3;18;2;0;0;0;0;0;0;0;0;0;0;0;0;0;10;1;0;0;0;0;0;0;0;0;0;0;0;0;0;0;10; ; ;10;10;3;1;466;3660;272
09;0901;090150;12;3;18;2;3;2;2;0;1;0;0;1;0;1;2;2;0;10;0;0;3;2;2;0;1;0;0;1;0;1;2;2;0;10; ; ;24;24;1;0;347;3660;291
09;0901;090150;12;3;18;2;12;8;2;2;0;0;0;0;0;0;0;0;0;0;0;0;12;8;2;2;0;0;0;0;0;0;0;0;0;0; ; ;24;24;2;5;450;8784;198
09;0901;090150;12;3;18;2;0;0;0;0;0;0;0;0;0;0;0;0;0;6;0;0;0;0;0;0;0;0;0;0;0;0;0;0;0;6; ; ;6;6;0;0;93;2196;78
09;0901;090150;12;3;18;2;0;0;0;2;0;0;0;0;0;0;0;0;0;33;4;9;0;0;0;2;0;0;0;0;0;0;0;0;0;33; ; ;35;35;20;82;8368;16861;1798
09;0901;090150;12;3;18;2;0;0;0;0;0;0;0;0;0;0;0;0;0;12;3;0;0;0;0;0;0;0;0;0;0;0;0;0;0;12; ; ;12;12;2;6;1143;4453;395
09;0901;090150;12;3;18;2;3;4;6;8;0;0;0;0;0;0;0;0;0;0;0;0;3;4;6;8;0;0;0;0;0;0;0;0;0;0; ; ;21;21;0;1;440;7686;237
09;0901;090150;12;3;18;2;2;2;3;0;1;0;0;1;0;0;0;1;0;0;2;0;2;2;3;0;1;0;0;1;0;0;0;1;0;0; ; ;10;10;0;0;474;3660;458
09;0901;090150;12;3;18;2;0;2;1;0;0;0;0;0;0;0;0;2;1;4;1;1;0;2;1;0;0;0;0;0;0;0;0;2;1;4; ; ;10;10;0;0;29;4392;14
09;0901;090150;17;1;18;2;0;0;0;0;0;0;0;0;0;0;0;0;0;3;2;0;0;0;0;0;0;0;0;0;0;0;0;0;0;3; ; ;3;3;0;0;19;1098;19
09;0901;090150;12;3;18;2;0;0;0;0;0;0;0;0;0;0;0;0;0;22;0;0;0;0;0;0;0;0;0;0;0;0;0;0;0;22; ; ;22;22;1;0;175;8052;92
09;0901;090150;12;3;18;2;30;30;25;12;12;4;2;6;5;2;4;4;2;2;15;15;30;30;25;12;12;4;2;6;5;2;4;4;2;2; ; ;140;140;30;135;16502;51100;3351
09;0908;090850;12;3;18;2;0;0;0;0;0;0;0;0;0;0;0;0;0;8;0;0;0;0;0;0;0;0;0;0;0;0;0;0;0;8; ; ;8;8;0;1;169;2928;38
09;0910;091050;2;1;17;3;7;0;8;2;0;0;0;0;0;0;0;0;0;0;0;0;7;0;8;2;0;0;0;0;0;0;0;0;0;0; ; ;17;17;0;1;181;6222;78
09;0910;091050;12;3;18;2;0;0;0;0;0;0;0;0;0;0;0;0;0;15;0;0;0;0;0;0;0;0;0;0;0;0;0;0;0;15; ; ;15;15;1;2;682;5490;243
09;0910;091050;12;3;18;2;0;0;0;5;0;0;0;0;0;0;0;0;0;5;0;0;0;0;0;5;0;0;0;0;0;0;0;0;0;5; ; ;10;10;1;0;131;3538;62
12;1201;120150;12;3;18;2;0;0;0;0;0;0;0;0;0;0;0;0;4;6;2;0;0;0;0;0;0;0;0;0;0;0;0;0;4;6; ; ;10;10;0;0;345;3660;212
12;1201;120150;12;3;18;2;6;0;0;0;0;0;0;0;0;0;0;0;0;0;0;0;6;0;0;0;0;0;0;0;0;0;0;0;0;0; ; ;6;6;0;0;121;2196;82
12;1205;120550;12;3;18;2;0;0;0;3;0;0;0;0;0;0;0;0;0;12;0;0;0;0;0;3;0;0;0;0;0;0;0;0;0;12; ; ;15;15;0;0;136;5490;92
13;1301;130150;12;3;18;2;0;0;0;0;0;0;0;0;0;0;0;0;0;40;3;3;0;0;0;0;0;0;0;0;0;0;0;0;0;40; ; ;40;40;1;1;994;3640;409
13;1303;130350;12;3;18;2;0;0;0;0;0;0;0;0;0;0;0;0;0;10;1;0;0;0;0;0;0;0;0;0;0;0;0;0;0;10; ; ;10;10;4;2;1181;3660;687
13;1308;130850;12;3;18;2; ; ; ; ; ; ; ; ; ; ; ; ; ; ; ; ; ; ; ; ; ; ; ; ; ; ; ; ; ; ; ; ; ; ;0;0;6; ;6
13;1308;130850;12;3;18;2;0;0;0;0;0;0;0;0;0;0;0;0;4;15;3;0;0;0;0;0;0;0;0;0;0;0;0;0;4;15; ; ;19;19;0;0;397;1729;128
13;1308;130850;12;3;18;2;0;0;0;0;0;0;0;0;0;0;0;0;0;16;4;0;0;0;0;0;0;0;0;0;0;0;0;0;0;16; ; ;16;16;0;0;21;2432;14
23;2301;230150;12;3;18;2;0;0;0;0;0;0;0;0;0;0;0;0;0;8;0;0;0;0;0;0;0;0;0;0;0;0;0;0;0;8; ; ;8;8;0;0;82;2928;82
23;2301;230150;12;3;18;2;0;0;0;2;0;0;0;0;0;0;0;0;0;6;2;0;0;0;0;2;0;0;0;0;0;0;0;0;0;6; ; ;8;8;0;1;158;2928;99
23;2301;230150;12;3;18;2;0;0;0;0;0;0;0;0;0;0;0;0;0;4;0;0;0;0;0;0;0;0;0;0;0;0;0;0;0;4; ; ;4;4;1;0;505;1464;294
24;2402;240250;12;3;18;2;0;0;0;0;0;0;0;0;0;0;0;0;0;7;0;0;0;0;0;0;0;0;0;0;0;0;0;0;0;7; ; ;7;7;0;0;330;2562;196
02;0201;020150;12;3;18;2;0;0;0;0;0;0;0;0;0;0;0;0;0;9;1;0;0;0;0;0;0;0;0;0;0;0;0;0;0;9; ; ;9;9;0;0;246;3294;137
09;0924;092450;4;1;11;1;0;0;0;0;0;0;0;0;0;0;0;0;0;6;0;0;0;0;0;0;0;0;0;0;0;0;0;0;0;6; ; ;6;6;0;0;188;2196;160
13;1301;130150;8;2;15;3;0;26;0;14;0;0;0;0;0;0;0;0;21;31;13;7;0;20;0;12;0;0;0;0;0;0;0;0;7;24; ; ;92;63;14;99;18405;23750;3054
13;1303;130350;1;5;6;1;19;14;2;2;0;0;0;0;0;0;0;0;0;0;7;1;19;14;2;2;0;0;0;0;0;0;0;0;0;0; ; ;37;37;5;20;9972;13542;2655
09;0910;091050;12;3;18;2;3;0;4;3;0;0;0;0;0;0;0;0;0;3;1;0;3;0;4;3;0;0;0;0;0;0;0;0;0;3; ; ;13;13;0;0;156;4758;113
09;0910;091050;12;3;18;2;3;4;3;1;0;0;0;0;0;0;0;0;0;0;0;0;3;4;3;1;0;0;0;0;0;0;0;0;0;0; ; ;11;11;0;0;928;4026;505
09;0928;092850;4;1;11;1;0;0;0;3;0;0;0;0;0;0;0;0;0;6;0;0;0;0;0;3;0;0;0;0;0;0;0;0;0;6; ; ;9;9;0;0;102;3287;74
13;1308;130801;12;3;18;2;2;1;1;0;0;0;0;2;0;0;1;0;1;0;0;4;3;2;1;0;0;0;0;3;0;0;2;0;1;0; ; ;8;12;6;6;1276;3694;315
23;2301;230150;12;3;18;2;0;0;0;6;0;0;0;0;0;0;0;0;0;5;0;0;0;0;0;6;0;0;0;0;0;0;0;0;0;5; ; ;11;11;0;0;96;4026;77
09;0901;090104;12;3;18;2;0;1;0;0;0;0;0;0;0;0;0;0;0;6;0;0;0;1;0;0;0;0;0;0;0;0;0;0;0;6; ; ;7;7;1;0;100;2458;57
17;1701;170150;12;3;18;2;0;0;0;6;0;0;0;0;0;0;0;0;0;11;1;2;0;0;0;6;0;0;0;0;0;0;0;0;0;11; ; ;17;17;1;3;704;6222;327
17;1701;170151;16;2;17;3;0;0;0;0;0;0;86;0;0;0;0;0;82;0;0;0;0;0;0;0;0;0;86;0;0;0;0;0;82;0; ; ;168;168;5;96;43381;61488;493
17;1701;170150;12;3;18;2;0;0;0;0;0;0;0;0;0;0;0;0;0;8;0;0;0;0;0;0;0;0;0;0;0;0;0;0;0;6; ; ;8;6;0;0;28;2103;24
17;1701;170150;12;3;18;2;0;0;0;0;0;0;0;0;0;0;0;0;0;12;0;0;0;0;0;0;0;0;0;0;0;0;0;0;0;12; ; ;12;12;0;0;1125;4392;579
17;1705;170550;12;3;18;2;0;0;0;0;0;0;0;0;0;0;0;0;0;12;0;3;0;0;0;0;0;0;0;0;0;0;0;0;0;12; ; ;12;12;0;4;2537;4380;674
17;1701;170150;12;3;18;2;0;0;0;0;0;0;0;0;0;0;0;0;0;8;0;0;0;0;0;0;0;0;0;0;0;0;0;0;0;8; ; ;8;8;0;0;943;2928;556
17;1703;170350;12;3;18;2;0;0;0;0;0;0;0;0;0;0;0;0;0;5;0;0;0;0;0;0;0;0;0;0;0;0;0;0;0;5; ; ;5;5;0;0;138;1825;92
01;0101;010150;12;3;18;2;0;0;0;0;0;0;0;0;0;0;0;0;0;15;1;0;0;0;0;0;0;0;0;0;0;0;0;0;0;15; ; ;15;15;0;2;908;5490;562
01;0101;010150;12;3;18;2;0;0;0;0;0;0;0;0;0;0;0;0;0;10;0;0;0;0;0;0;0;0;0;0;0;0;0;0;0;10; ; ;10;10;1;3;1053;3660;560
01;0101;010150;12;3;18;2;0;13;1;1;0;0;0;0;0;0;0;0;0;0;0;0;0;13;1;1;0;0;0;0;0;0;0;0;0;0; ; ;15;15;2;1;1742;5490;1326
01;0101;010150;12;3;17;3;0;0;7;6;0;0;0;0;0;0;0;0;0;3;0;0;0;0;7;6;0;0;0;0;0;0;0;0;0;3; ; ;16;16;0;2;345;5856;259
01;0101;010150;12;3;18;2;0;0;0;0;0;0;0;0;0;0;0;0;0;18;0;0;0;0;0;0;0;0;0;0;0;0;0;0;0;18; ; ;18;18;2;1;1915;6588;1235
01;0103;010350;12;3;18;2;0;0;0;0;0;0;0;0;0;0;0;0;0;10;0;0;0;0;0;0;0;0;0;0;0;0;0;0;0;10; ; ;10;10;2;3;510;3660;297
11;1101;110150;12;3;18;2;0;0;0;0;0;0;0;0;0;0;0;0;0;12;0;0;0;0;0;0;0;0;0;0;0;0;0;0;0;12; ; ;12;12;0;1;94;4392;52
11;1101;110150;1;5;11;1;0;0;12;15;0;0;0;0;0;0;0;0;0;0;0;0;0;0;12;15;0;0;0;0;0;0;0;0;0;0; ; ;27;27;0;0;8193;9882;388
18;1801;180150;1;5;18;2;0;0;0;0;0;0;0;0;0;0;0;0;0;14;4;4;0;0;0;0;0;0;0;0;0;0;0;0;0;14; ; ;14;14;1;3;1731;5110;807
18;1801;180150;1;5;17;3;13;14;12;7;3;2;1;3;3;8;4;6;1;0;0;0;13;14;12;7;3;2;1;3;3;8;4;6;1;0; ; ;77;77;1;7;2237;28105;889
18;1801;180150;1;5;18;2;0;0;0;0;0;0;0;0;0;0;0;0;0;8;1;1;0;0;0;0;0;0;0;0;0;0;0;0;0;8; ; ;8;8;0;0;182;2920;77
06;0601;060150;1;5;18;2;2;2;2;4;1;1;0;1;0;0;1;1;0;2;2;2;2;2;2;4;1;1;0;1;0;0;1;1;0;2; ; ;17;17;0;6;1609;6205;850
18;1801;180150;1;5;18;2;9;0;0;2;0;0;0;0;0;0;0;0;0;0;0;0;9;0;0;2;0;0;0;0;0;0;0;0;0;0; ; ;11;11;0;4;1545;4015;843
18;1801;180150;1;5;18;2;6;6;6;2;0;0;0;6;0;0;6;6;0;0;0;0;6;6;6;2;0;0;0;6;0;0;6;6;0;0; ; ;38;38;0;0;168;13870;132
05;0505;050550;1;5;18;2;0;0;0;0;0;0;0;0;0;0;0;0;0;8;0;0;0;0;0;0;0;0;0;0;0;0;0;0;0;8; ; ;8;8;2;1;464;2920;281
18;1807;180750;1;5;18;2;9;0;0;0;0;0;0;0;0;0;0;0;0;0;0;0;9;0;0;0;0;0;0;0;0;0;0;0;0;0; ; ;9;9;0;2;978;3285;431
23;2301;230150;12;3;18;2;0;0;0;0;0;0;0;0;0;0;0;0;0;9;0;0;0;0;0;0;0;0;0;0;0;0;0;0;0;9; ; ;9;9;0;0;49;3294;49
21;2101;210150;12;3;18;2;0;0;0;0;0;0;0;0;0;0;0;0;0;4;0;0;0;0;0;0;0;0;0;0;0;0;0;0;0;4; ; ;4;4;0;0;84;1464;81
17;1702;170250;13;1;18;2;0;0;8;5;0;0;0;0;0;0;0;0;0;1;0;0;0;0;8;5;0;0;0;0;0;0;0;0;0;1; ; ;14;14;0;0;963;5110;308
23;2301;230150;12;3;18;2;0;0;0;0;0;0;0;0;0;0;0;0;0;4;0;0;0;0;0;0;0;0;0;0;0;0;0;0;0;4; ; ;4;4;1;0;112;1464;112
05;0501;050150;1;5;18;2;5;2;1;1;0;0;0;0;0;0;0;0;0;0;2;0;5;2;1;1;0;0;0;0;0;0;0;0;0;0; ; ;9;9;0;0;342;3285;265
03;0301;030150;12;3;18;2;0;0;3;1;0;0;0;1;0;0;0;0;0;8;0;0;0;0;3;1;0;0;0;1;0;0;0;0;0;8; ; ;13;13;1;2;900;4758;573
01;0101;010150;17;1;18;2;0;0;0;0;0;0;0;0;0;0;0;0;0;6;0;0;0;0;0;0;0;0;0;0;0;0;0;0;0;6; ; ;6;6;0;0;363;2196;228
09;0901;090150;12;3;18;2;6;1;5;1;0;0;0;0;0;0;0;0;0;0;1;1;6;1;5;1;0;0;0;0;0;0;0;0;0;0; ; ;13;13;0;0;69;4758;38
12;1201;120150;12;3;18;2;3;5;3;3;0;0;0;0;0;0;0;0;0;0;0;0;3;5;3;3;0;0;0;0;0;0;0;0;0;0; ; ;14;14;0;0;1069;5552;598
12;1205;120550;12;3;18;2;8;7;10;3;0;0;0;0;0;0;0;0;0;0;0;5;8;7;10;3;0;0;0;0;0;0;0;0;0;0; ; ;28;28;2;1;511;10248;322
12;1210;121050;12;3;18;2;0;0;3;5;0;0;0;0;0;0;0;0;0;30;3;0;0;0;3;5;0;0;0;0;0;0;0;0;0;30; ; ;38;38;1;1;1602;13908;1274
23;2301;230150;12;3;18;2;0;0;0;0;0;0;0;0;0;0;0;0;10;0;0;0;0;0;0;0;0;0;0;0;0;0;0;0;10;0; ; ;10;10;0;0;108;3660;51
17;1701;170150;12;3;18;2;1;0;1;0;0;0;0;0;0;0;0;0;0;0;0;0;1;0;1;0;0;0;0;0;0;0;0;0;0;0; ; ;2;2;0;0;6;732;5
18;1801;180163;1;5;18;2;0;0;0;0;0;0;0;0;0;0;0;0;0;15;1;1;0;0;0;0;0;0;0;0;0;0;0;0;0;15; ; ;15;15;1;1;508;5475;240
18;1801;180150;1;5;18;2;0;0;0;0;0;0;0;0;0;0;0;0;0;8;0;0;0;0;0;0;0;0;0;0;0;0;0;0;0;8; ; ;8;8;2;1;504;2920;234
18;1801;180150;8;2;15;3;0;0;0;0;0;0;0;0;0;0;0;0;30;0;6;4;0;0;0;0;0;0;0;0;0;0;0;0;30;0; ; ;30;30;18;28;6256;10950;1617
07;0701;070150;12;3;18;2;5;1;1;2;0;0;0;0;0;0;0;0;0;0;0;0;5;1;1;2;0;0;0;0;0;0;0;0;0;0; ; ;9;9;0;0;196;3100;193
07;0701;070150;12;3;18;2;0;0;0;0;0;0;0;0;0;0;0;0;0;10;0;0;0;0;0;0;0;0;0;0;0;0;0;0;0;10; ; ;10;10;0;0;464;3660;433
09;0901;090150;12;3;18;2;0;16;5;4;0;0;0;0;0;0;0;0;0;0;2;0;0;16;5;4;0;0;0;0;0;0;0;0;0;0; ; ;25;25;0;0;113;9150;82
09;0901;090150;12;3;18;2;0;0;0;0;0;0;0;0;0;0;0;0;0;6;1;0;0;0;0;0;0;0;0;0;0;0;0;0;0;6; ; ;6;6;0;0;77;2196;46
09;0908;090850;12;3;17;3;0;0;2;0;0;0;0;0;0;0;0;0;1;6;0;0;0;0;2;0;0;0;0;0;0;0;0;0;1;6; ; ;9;9;0;0;73;3294;51
09;0908;090850;12;3;18;2;0;0;0;0;0;0;0;0;0;0;0;0;0;6;0;0;0;0;0;0;0;0;0;0;0;0;0;0;0;0; ; ;6;0;0;0;28;2196;22
12;1205;120550;12;3;18;2;0;0;0;4;0;0;0;0;0;0;0;0;0;20;4;0;0;0;0;4;0;0;0;0;0;0;0;0;0;20; ; ;24;24;1;0;159;8753;98
12;1205;120550;12;3;18;2;0;0;0;4;0;0;0;0;0;0;0;0;0;12;0;0;0;0;0;4;0;0;0;0;0;0;0;0;0;12; ; ;16;16;0;0;100;5428;54
12;1207;120750;12;3;18;2;0;0;0;5;0;0;0;0;0;0;0;0;0;11;0;0;0;0;0;5;0;0;0;0;0;0;0;0;0;11; ; ;16;16;0;0;289;5856;235
12;1208;120850;12;3;18;2;0;2;4;3;0;0;0;1;0;0;0;3;0;0;0;0;0;2;4;3;0;0;0;1;0;0;0;3;0;0; ; ;13;13;0;0;797;4758;402
12;1208;120850;12;3;18;2;0;5;2;1;0;0;0;0;0;0;0;0;0;8;0;0;0;5;2;1;0;0;0;0;0;0;0;0;0;8; ; ;16;16;1;0;2065;6140;1313
12;1210;121050;12;3;18;2;5;8;3;1;0;0;0;0;0;0;0;0;0;0;0;0;5;8;3;1;0;0;0;0;0;0;0;0;0;0; ; ;17;17;0;0;301;6222;244
13;1304;130450;12;3;18;2;0;0;0;0;0;0;0;0;0;0;0;0;0;3;0;0;0;0;0;0;0;0;0;0;0;0;0;0;0;3; ; ;3;3;1;1;148;1098;126
13;1308;130850;12;3;18;2;1;3;1;3;0;0;0;0;0;0;0;0;0;0;2;0;1;3;1;3;0;0;0;0;0;0;0;0;0;0; ; ;8;8;0;0;80;728;80
12;1205;120550;12;3;18;2;0;0;0;2;0;0;0;0;0;0;0;0;0;14;0;0;0;0;0;2;0;0;0;0;0;0;0;0;0;14; ; ;16;16;0;0;41;5856;38
17;1708;170850;2;1;18;2;0;0;3;6;0;0;0;0;0;0;0;0;0;11;5;0;0;0;3;6;0;0;0;0;0;0;0;0;0;11; ; ;20;20;1;0;2370;7300;1034
10;1001;100150;12;3;18;2;0;0;0;1;0;0;0;0;0;0;0;0;0;20;1;1;0;0;0;1;0;0;0;0;0;0;0;0;0;20; ; ;21;21;0;2;2057;7686;1081
23;2301;230150;12;3;18;2;0;0;0;0;0;0;0;0;0;0;0;0;0;6;0;0;0;0;0;0;0;0;0;0;0;0;0;0;0;6; ; ;6;6;0;0;51;180;45
17;1705;170550;12;3;18;2;0;0;0;0;0;0;0;0;0;0;0;0;0;15;0;0;0;0;0;0;0;0;0;0;0;0;0;0;0;15; ; ;15;15;1;1;1646;5475;1057
17;1701;170150;12;3;18;2;0;0;0;0;0;0;0;0;0;0;0;0;4;7;0;0;0;0;0;0;0;0;0;0;0;0;0;0;4;7; ; ;11;11;0;1;659;4026;517
11;1101;110150;12;3;18;2;0;2;0;1;0;0;0;0;0;0;0;0;0;10;3;3;0;2;0;1;0;0;0;0;0;0;0;0;0;10; ; ;13;13;0;0;263;4758;212
12;1201;120150;12;3;18;2;0;0;6;0;0;0;0;0;0;0;0;0;0;0;1;0;0;0;6;0;0;0;0;0;0;0;0;0;0;0; ; ;6;6;0;0;48;2196;48
12;1205;120550;12;3;18;2;0;0;10;1;0;0;0;0;0;0;0;0;0;0;2;0;0;0;10;1;0;0;0;0;0;0;0;0;0;0; ; ;11;11;0;0;204;4026;133
12;1205;120550;12;3;18;2;10;2;1;6;0;0;0;0;0;0;1;0;0;0;2;0;10;2;1;6;0;0;0;0;0;0;1;0;0;0; ; ;20;20;0;0;319;7320;201
13;1308;130850;12;3;18;2;0;0;0;0;0;0;0;0;0;0;0;0;0;8;1;0;0;0;0;0;0;0;0;0;0;0;0;0;0;8; ; ;8;8;0;2;347;240;311
09;0906;090650;12;3;18;2;0;0;0;0;0;0;0;0;0;0;0;0;0;8;0;0;0;0;0;0;0;0;0;0;0;0;0;0;0;8; ; ;8;8;0;0;381;2928;345
12;1205;120550;12;3;18;2;11;0;1;2;0;0;0;0;0;0;0;0;0;0;2;2;11;0;1;2;0;0;0;0;0;0;0;0;0;0; ; ;14;14;12;3;165;420;131
23;2301;230150;12;3;18;2;1;1;1;0;0;0;0;1;0;0;0;0;0;0;0;0;1;1;1;0;0;0;0;1;0;0;0;0;0;0; ; ;4;4;0;0;225;1464;45
05;0502;050250;1;5;18;2;7;0;2;0;0;0;0;0;0;0;0;0;0;0;0;0;7;0;2;0;0;0;0;0;0;0;0;0;0;0; ; ;9;9;0;1;281;3285;161
11;1101;110150;12;3;18;2;2;2;1;1;0;0;0;0;0;0;0;0;0;0;0;0;2;2;1;1;0;0;0;0;0;0;0;0;0;0; ; ;6;6;0;2;305;1464;169
07;0701;070150;12;3;18;2;1;2;2;3;0;0;0;0;0;0;0;0;0;2;0;0;1;2;2;3;0;0;0;0;0;0;0;0;0;2; ; ;10;10;0;0;183;3650;183
07;0701;070150;12;3;18;2;0;0;0;0;0;0;0;0;0;0;0;0;0;9;0;0;0;0;0;0;0;0;0;0;0;0;0;0;0;9; ; ;9;9;3;0;133;3168;126
07;0702;070250;12;3;18;2;0;0;0;2;0;0;0;0;0;0;0;0;0;5;0;0;0;0;0;2;0;0;0;0;0;0;0;0;0;5; ; ;7;7;0;0;155;2196;96
09;0901;090150;12;3;18;2;0;0;0;0;0;0;0;0;0;0;0;0;0;14;0;0;0;0;0;0;0;0;0;0;0;0;0;0;0;14; ; ;14;14;0;0;91;5177;76
12;1201;120150;4;1;17;3;0;0;15;8;0;0;0;0;0;0;0;0;0;5;0;0;0;0;15;8;0;0;0;0;0;0;0;0;0;5; ; ;28;28;0;1;2180;10248;1098
12;1205;120550;12;3;18;2;0;0;0;1;0;0;0;0;0;0;0;0;0;7;2;0;0;0;0;1;0;0;0;0;0;0;0;0;0;7; ; ;8;8;0;1;300;2928;162
12;1210;121050;12;3;18;2;0;0;0;1;0;0;0;0;0;0;0;0;0;15;3;0;0;0;0;1;0;0;0;0;0;0;0;0;0;15; ; ;16;16;0;0;52;2448;26
23;2301;230150;13;1;18;2;0;0;0;2;0;0;0;0;0;0;0;0;0;10;0;0;0;0;0;2;0;0;0;0;0;0;0;0;0;10; ; ;12;12;0;0;533;330;533
17;1701;170150;12;3;18;2;0;0;0;8;0;0;0;0;0;0;0;0;0;10;0;2;0;0;0;8;0;0;0;0;0;0;0;0;0;10; ; ;18;18;0;0;347;6588;244
06;0601;060150;1;5;18;2;0;0;0;0;0;0;0;0;0;0;0;0;0;23;5;0;0;0;0;0;0;0;0;0;0;0;0;0;0;23; ; ;23;23;10;34;4737;8395;922
01;0101;010150;12;3;18;2;0;0;0;0;0;0;0;0;0;0;0;0;0;7;0;0;0;0;0;0;0;0;0;0;0;0;0;0;0;4; ; ;7;4;0;1;104;1337;85
11;1101;110150;12;3;18;2;0;0;0;1;0;0;0;0;0;0;0;0;0;5;0;0;0;0;0;1;0;0;0;0;0;0;0;0;0;5; ; ;6;6;0;0;40;2190;22
13;1308;130850;12;3;18;2; ; ; ; ; ; ; ; ; ; ; ; ; ; ; ; ; ; ; ; ; ; ; ; ; ; ; ; ; ; ; ; ; ; ;0;0;9; ;8
17;1703;170350;12;3;18;2;4;3;1;1;0;0;0;0;0;0;0;0;0;0;0;0;4;3;1;1;0;0;0;0;0;0;0;0;0;0; ; ;9;9;0;0;107;3285;79
17;1705;170550;12;3;18;2;0;0;0;0;0;0;0;0;0;0;0;0;0;14;0;0;0;0;0;0;0;0;0;0;0;0;0;0;0;14; ; ;14;14;1;3;2394;5110;1223
17;1701;170150;12;3;18;2;0;0;0;6;0;0;0;0;0;0;0;0;0;10;0;0;0;0;0;6;0;0;0;0;0;0;0;0;0;10; ; ;16;16;0;0;129;5856;79
17;1701;170150;12;3;18;2;0;0;0;1;0;0;0;0;0;0;0;0;0;11;0;0;0;0;0;1;0;0;0;0;0;0;0;0;0;11; ; ;12;12;0;1;527;4362;280
07;0701;070150;12;3;18;2;3;0;4;1;0;0;0;0;0;0;0;0;0;0;0;0;3;0;4;1;0;0;0;0;0;0;0;0;0;0; ; ;8;8;1;0;415;2565;342
07;0701;070150;2;1;11;1;2;0;5;2;0;0;0;0;0;0;0;0;0;0;1;0;2;0;5;2;0;0;0;0;0;0;0;0;0;0; ; ;9;9;1;0;1239;2180;665
09;0901;090150;12;3;18;2;1;8;1;0;1;2;0;0;0;0;2;0;0;0;1;1;1;8;1;0;1;2;0;0;0;0;2;0;0;0; ; ;15;15;1;1;311;3660;178
09;0901;090112;12;3;17;3;0;0;0;0;0;0;0;0;0;0;0;0;0;10;2;0;0;0;0;0;0;0;0;0;0;0;0;0;0;10; ; ;10;10;0;0;450;3660;291
09;0901;090150;12;3;18;2;0;0;6;6;0;0;0;0;0;0;0;0;0;0;2;1;0;0;6;6;0;0;0;0;0;0;0;0;0;0; ; ;12;12;0;0;26;720;25
09;0908;090850;12;3;18;2;0;0;0;0;0;0;0;0;0;0;0;0;0;8;5;0;0;0;0;0;0;0;0;0;0;0;0;0;0;8; ; ;8;8;0;0;64;2928;63
09;0909;090950;12;3;18;2;0;4;0;0;0;0;0;0;0;0;0;0;0;0;0;0;0;4;0;0;0;0;0;0;0;0;0;0;0;0; ; ;4;4;0;0;8;240;8
12;1204;120450;12;3;18;2;0;0;5;0;0;0;0;0;0;0;0;0;0;0;0;0;0;0;5;0;0;0;0;0;0;0;0;0;0;0; ; ;5;5;0;0;290;1830;150
12;1204;120452;12;3;18;2;6;0;4;0;0;0;0;0;0;0;0;0;0;0;0;0;6;0;4;0;0;0;0;0;0;0;0;0;0;0; ; ;10;10;0;0;112;3660;106
12;1205;120550;12;3;18;2;0;2;2;5;0;0;0;0;0;0;0;0;0;8;1;2;0;2;2;5;0;0;0;0;0;0;0;0;0;8; ; ;17;17;1;0;1172;6222;461
12;1205;120550;13;1;18;2;1;2;10;3;0;0;0;0;0;0;0;0;0;0;3;0;1;2;10;3;0;0;0;0;0;0;0;0;0;0; ; ;16;16;0;0;329;5856;329
13;1301;130150;12;3;18;2;4;2;2;1;0;0;0;0;0;0;0;0;0;0;0;0;4;2;2;1;0;0;0;0;0;0;0;0;0;0; ; ;9;9;0;0;513;1917;508
13;1308;130850;12;3;18;2;1;2;4;0;1;0;0;1;0;0;1;1;0;0;2;0;1;2;4;0;1;0;0;1;0;0;1;1;0;0; ; ;11;11;1;0;1131;4026;862
09;0901;090150;12;3;18;2;0;0;0;0;0;0;0;0;0;0;0;0;0;5;0;0;0;0;0;0;0;0;0;0;0;0;0;0;0;5; ; ;5;5;0;0;52;1830;24
09;0910;091050;12;3;18;2;2;3;5;0;0;0;0;0;0;0;2;0;0;0;0;0;2;3;5;0;0;0;0;0;0;0;2;0;0;0; ; ;12;12;0;0;143;4392;90
07;0701;070150;13;1;18;2;0;0;12;2;0;0;0;0;0;0;0;0;0;0;0;0;0;0;12;2;0;0;0;0;0;0;0;0;0;0; ; ;14;14;0;0;760;4528;712
17;1701;170150;12;3;18;2;0;0;0;0;0;0;0;0;0;0;0;0;0;9;1;0;0;0;0;0;0;0;0;0;0;0;0;0;0;9; ; ;9;9;0;0;1817;3294;1087
17;1701;170150;12;3;18;2;0;0;0;0;0;0;0;0;0;0;0;0;0;8;0;0;0;0;0;0;0;0;0;0;0;0;0;0;0;8; ; ;8;8;0;0;775;2928;359
18;1801;180150;1;5;18;2;11;2;3;2;0;0;0;0;0;0;0;0;0;0;0;0;11;2;3;2;0;0;0;0;0;0;0;0;0;0; ; ;18;18;0;0;358;6570;336
18;1801;180150;1;5;18;2;0;2;1;2;0;0;0;1;0;0;0;0;0;0;0;0;0;2;1;2;0;0;0;1;0;0;0;0;0;0; ; ;6;6;0;0;429;2190;318
13;1304;130450;12;3;18;2;1;1;2;2;0;0;0;0;0;0;0;0;0;0;1;0;1;1;2;2;0;0;0;0;0;0;0;0;0;0; ; ;6;6;0;0;30;2196;26
09;0901;090150;12;3;18;2;0;0;0;0;0;0;0;0;0;0;0;0;0;24;0;0;0;0;0;0;0;0;0;0;0;0;0;0;0;24; ; ;24;24;3;1;3674;8760;1908
12;1205;120550;12;3;18;2;0;0;4;2;0;0;0;0;0;0;0;0;0;0;1;0;0;0;4;2;0;0;0;0;0;0;0;0;0;0; ; ;6;6;0;0;110;2196;107
13;1301;130150;12;3;18;2;0;0;0;0;0;0;0;0;0;0;0;0;0;6;0;0;0;0;0;0;0;0;0;0;0;0;0;0;0;6; ; ;6;6;0;0;70;552;29
13;1308;130850;12;3;18;2; ; ; ; ; ; ; ; ; ; ; ; ; ; ; ; ; ; ; ; ; ; ; ; ; ; ; ; ; ; ; ; ; ; ;0;0;19; ;14
13;1314;131450;12;3;18;2;0;0;4;1;0;0;0;0;0;0;0;0;0;0;0;0;0;0;4;1;0;0;0;0;0;0;0;0;0;0; ; ;5;5;0;0;138;1830;91
07;0701;070150;12;3;18;2;0;0;3;6;0;0;0;0;0;0;0;0;0;32;0;0;0;0;3;6;0;0;0;0;0;0;0;0;0;32; ; ;41;41;5;7;3409;15006;1255
09;0908;090850;12;3;18;2;0;0;0;0;0;0;0;0;0;0;0;0;0;9;1;0;0;0;0;0;0;0;0;0;0;0;0;0;0;9; ; ;9;9;1;0;317;3294;316
09;0909;090950;12;3;18;2;0;0;0;0;0;0;0;0;0;0;0;0;0;4;1;0;0;0;0;0;0;0;0;0;0;0;0;0;0;4; ; ;4;4;0;0;51;1460;51
09;0910;091050;12;3;18;2;0;0;0;0;0;0;0;0;0;0;0;0;0;10;0;0;0;0;0;0;0;0;0;0;0;0;0;0;0;10; ; ;10;10;0;0;234;3660;109
09;0911;091150;12;3;18;2;0;4;0;0;0;0;0;0;0;0;0;0;0;0;0;0;0;4;0;0;0;0;0;0;0;0;0;0;0;0; ; ;4;4;0;0;166;1464;154
12;1205;120550;12;3;18;2;0;0;10;4;0;0;0;0;0;0;0;0;0;4;0;0;0;0;10;4;0;0;0;0;0;0;0;0;0;4; ; ;18;18;0;0;510;6588;498
12;1205;120550;12;3;18;2;0;0;0;8;0;0;0;0;0;0;0;0;0;8;0;0;0;0;0;8;0;0;0;0;0;0;0;0;0;8; ; ;16;16;0;0;363;5856;347
12;1210;121050;12;3;18;2;0;0;0;1;0;0;0;0;0;0;0;0;0;14;0;0;0;0;0;1;0;0;0;0;0;0;0;0;0;14; ; ;15;15;7;4;654;5490;264
13;1301;130150;12;3;18;2;0;0;0;0;0;0;0;0;0;0;0;0;0;10;2;0;0;0;0;0;0;0;0;0;0;0;0;0;0;10; ; ;10;10;0;1;302;785;100
13;1309;130950;12;3;18;2;0;0;0;0;0;0;0;0;0;0;0;0;0;10;0;0;0;0;0;0;0;0;0;0;0;0;0;0;0;10; ; ;10;10;0;0;412;3660;405
17;1701;170150;12;3;18;2;0;11;0;0;0;0;0;0;0;0;0;0;0;0;0;0;0;11;0;0;0;0;0;0;0;0;0;0;0;0; ; ;11;11;0;2;998;4026;516
01;0101;010150;12;3;18;2;0;0;0;0;0;0;0;0;0;0;0;0;0;2;0;0;0;0;0;0;0;0;0;0;0;0;0;0;0;2; ; ;2;2;0;0;26;732;12
09;0901;090150;12;3;18;2;2;3;2;2;0;0;0;0;0;0;0;0;0;5;1;0;2;3;2;2;0;0;0;0;0;0;0;0;0;5; ; ;14;14;0;1;248;5124;121
09;0901;090150;12;3;18;2;3;5;9;0;0;0;0;0;0;0;2;0;0;0;0;0;3;5;9;0;0;0;0;0;0;0;2;0;0;0; ; ;19;19;0;0;1336;6954;795
09;0907;090750;12;3;18;2;1;1;3;0;0;0;0;0;0;0;0;0;0;0;0;0;1;1;3;0;0;0;0;0;0;0;0;0;0;0; ; ;5;5;0;0;41;1830;24
09;0921;092150;12;3;18;2;4;3;3;5;0;0;0;0;0;0;0;0;0;0;0;0;0;2;3;5;0;0;0;0;0;0;0;0;0;0; ; ;15;10;0;0;90;5490;63
12;1205;120550;12;3;18;2;10;0;0;5;0;0;0;0;0;0;0;0;0;0;1;0;10;0;0;5;0;0;0;0;0;0;0;0;0;0; ; ;15;15;0;0;427;5490;426
12;1210;121050;12;3;18;2;0;0;0;1;0;0;0;0;0;0;0;0;0;13;0;0;0;0;0;1;0;0;0;0;0;0;0;0;0;13; ; ;14;14;0;0;55;5124;54
09;0910;091050;12;3;18;2;8;2;2;1;0;0;0;0;0;0;0;0;0;0;0;0;8;2;2;1;0;0;0;0;0;0;0;0;0;0; ; ;13;13;0;0;320;5068;196
09;0901;090150;12;3;17;3;0;0;0;0;0;0;0;0;0;0;0;0;0;20;8;0;0;0;0;0;0;0;0;0;0;0;0;0;0;20; ; ;20;20;2;3;1392;7320;515
17;1701;170150;12;3;18;2;0;0;0;0;0;0;0;0;0;0;0;0;1;8;2;1;0;0;0;0;0;0;0;0;0;0;0;0;1;8; ; ;9;9;1;2;534;3294;241
11;1101;110150;12;3;18;2;0;0;5;2;0;0;0;0;0;0;0;0;0;11;0;0;0;0;5;2;0;0;0;0;0;0;0;0;0;11; ; ;18;18;0;0;560;6588;303
11;1103;110350;13;1;17;3; ; ; ; ; ; ; ; ; ; ; ; ; ; ; ; ; ; ; ; ; ; ; ; ; ; ; ; ; ; ; ; ; ; ;0;0;3; ;3
14;1401;140150;12;3;18;2;0;0;0;0;0;0;0;0;0;0;0;0;0;8;0;0;0;0;0;0;0;0;0;0;0;0;0;0;0;8; ; ;8;8;0;1;324;2928;183
11;1101;110150;12;3;18;2;0;0;0;0;0;0;0;0;0;0;0;0;0;9;0;0;0;0;0;0;0;0;0;0;0;0;0;0;0;9; ; ;9;9;1;0;687;3285;410
01;0101;010150;15;1;18;2;0;0;0;0;0;0;0;11;0;0;0;0;0;0;0;0;0;0;0;0;0;0;0;11;0;0;0;0;0;0; ; ;11;11;0;0;199;4026;68
05;0502;050250;1;5;18;2;8;4;2;3;1;0;0;0;0;0;0;0;0;0;0;0;8;4;2;3;1;0;0;0;0;0;0;0;0;0; ; ;18;18;1;0;739;6570;397
09;0901;090150;12;3;18;2;0;0;0;0;0;0;0;0;0;0;0;0;0;16;0;0;0;0;0;0;0;0;0;0;0;0;0;0;0;16; ; ;16;16;0;0;1786;5856;1784
09;0901;090150;12;3;18;2;0;0;0;0;0;0;0;0;0;0;0;0;0;5;2;0;0;0;0;0;0;0;0;0;0;0;0;0;0;5; ; ;5;5;0;1;48;3230;21
09;0901;090150;12;3;18;2;0;0;0;2;0;0;0;0;0;0;0;0;0;14;0;0;0;0;0;2;0;0;0;0;0;0;0;0;0;14; ; ;16;16;0;0;1111;5856;1014
09;0907;090750;12;3;18;2;8;0;5;0;0;0;0;0;0;0;0;0;0;0;0;0;8;0;5;0;0;0;0;0;0;0;0;0;0;0; ; ;13;13;1;2;243;4758;135
09;0918;091850;12;3;18;2;0;0;0;0;0;0;0;0;0;0;0;0;0;10;0;0;0;0;0;0;0;0;0;0;0;0;0;0;0;10; ; ;10;10;0;0;863;3660;861
09;0920;092050;12;3;18;2;0;0;0;0;0;0;0;0;0;0;0;0;0;15;0;0;0;0;0;0;0;0;0;0;0;0;0;0;0;15; ; ;15;15;0;0;144;5490;102
12;1210;121050;12;3;18;2;0;0;1;1;0;0;0;0;0;0;0;0;0;12;1;0;0;0;1;1;0;0;0;0;0;0;0;0;0;12; ; ;14;14;0;0;311;5124;310
12;1210;121050;12;3;18;2;0;0;0;0;0;0;0;0;0;0;0;0;0;16;2;0;0;0;0;0;0;0;0;0;0;0;0;0;0;16; ; ;16;16;0;0;499;5856;374
13;1302;130250;12;3;18;2;0;0;0;0;0;0;0;0;0;0;0;0;0;6;0;0;0;0;0;0;0;0;0;0;0;0;0;0;0;6; ; ;6;6;0;0;20;186;20
13;1303;130350;12;3;18;2;0;0;0;0;0;0;0;0;0;0;0;0;0;12;4;0;0;0;0;0;0;0;0;0;0;0;0;0;0;12; ; ;12;12;0;0;109;1836;75
13;1308;130850;12;3;18;2;0;1;2;1;0;0;0;0;0;0;0;0;0;8;0;0;0;1;2;1;0;0;0;0;0;0;0;0;0;8; ; ;12;12;0;0;138;4392;116
12;1205;120550;12;3;18;2;0;0;10;0;0;0;0;0;0;0;0;0;0;0;0;0;0;0;10;0;0;0;0;0;0;0;0;0;0;0; ; ;10;10;0;0;57;3660;56
23;2301;230150;12;3;18;2;0;0;0;3;0;0;0;0;0;0;0;0;0;19;8;2;0;0;0;3;0;0;0;0;0;0;0;0;0;19; ; ;22;22;9;9;2657;8052;1145
14;1406;140650;12;3;18;2;11;0;3;5;0;0;0;0;0;0;0;0;0;0;0;0;11;0;3;5;0;0;0;0;0;0;0;0;0;0; ; ;19;19;0;1;561;6954;317
09;0901;090150;12;3;18;2;0;0;0;0;0;0;0;0;0;0;0;0;0;8;0;0;0;0;0;0;0;0;0;0;0;0;0;0;0;8; ; ;8;8;0;0;68;2928;66
09;0901;090150;12;3;18;2;0;0;0;0;0;0;0;0;0;0;0;0;0;11;1;0;0;0;0;0;0;0;0;0;0;0;0;0;0;11; ; ;11;11;1;3;1772;4026;1476
09;0916;091650;12;3;18;2;6;2;0;0;0;0;0;0;0;0;0;0;0;0;0;0;6;2;0;0;0;0;0;0;0;0;0;0;0;0; ; ;8;8;1;0;473;2928;264
12;1205;120550;12;3;18;2;6;1;1;4;0;0;0;0;0;0;0;0;0;0;1;0;6;1;1;4;0;0;0;0;0;0;0;0;0;0; ; ;12;12;0;0;23;4392;19
13;1301;130150;12;3;18;2;0;0;9;2;0;0;0;0;0;0;0;0;0;0;1;0;0;0;9;2;0;0;0;0;0;0;0;0;0;0; ; ;11;11;1;1;281;4026;254
11;1101;110150;12;3;18;2;1;2;1;0;0;0;0;0;0;0;0;0;0;0;0;0;1;2;2;0;0;0;0;0;0;0;0;0;0;0; ; ;4;5;0;0;57;1464;45
09;0901;090150;12;3;18;2;0;2;4;0;0;0;0;0;0;0;0;0;0;0;0;0;0;2;4;0;0;0;0;0;0;0;0;0;0;0; ; ;6;6;2;3;508;2196;188
09;0910;091050;12;3;18;2;0;0;0;5;0;0;0;0;0;0;0;0;0;21;3;2;0;0;0;5;0;0;0;0;0;0;0;0;0;21; ; ;26;26;0;1;626;9516;257
09;0910;091050;12;3;18;2;4;2;0;0;0;0;0;0;0;0;2;0;0;0;0;0;4;2;0;0;0;0;0;0;0;0;2;0;0;0; ; ;8;8;0;0;193;2458;168
09;0910;091050;12;3;18;2;0;0;0;3;0;0;0;0;0;0;0;0;0;13;1;0;0;0;0;3;0;0;0;0;0;0;0;0;0;13; ; ;16;16;0;0;731;6205;536
09;0910;091050;12;3;18;2;0;0;9;0;0;0;0;0;0;0;0;0;0;0;0;0;0;0;9;0;0;0;0;0;0;0;0;0;0;0; ; ;9;9;0;0;479;2829;468
09;0920;092056;12;3;18;2;0;0;0;2;0;0;0;0;0;0;0;0;0;14;0;0;0;0;0;2;0;0;0;0;0;0;0;0;0;14; ; ;16;16;0;0;1329;5856;1073
13;1307;130750;12;3;18;2; ; ; ; ; ; ; ; ; ; ; ; ; ; ; ; ; ; ; ; ; ; ; ; ; ; ; ; ; ; ; ; ; ; ;0;0;25; ;14
13;1304;130450;12;3;18;2;0;0;0;0;0;0;0;0;0;0;0;0;0;5;2;0;0;0;0;0;0;0;0;0;0;0;0;0;0;5; ; ;5;5;0;0;18;1830;18
09;0901;090150;12;3;18;2;0;0;0;0;0;0;0;0;0;0;0;0;0;5;1;0;0;0;0;0;0;0;0;0;0;0;0;0;0;5; ; ;5;5;0;0;150;1825;94
23;2301;230150;12;3;18;2;0;0;5;5;0;0;0;0;0;0;0;0;0;0;0;0;0;0;5;5;0;0;0;0;0;0;0;0;0;0; ; ;10;10;0;0;119;3660;116
23;2301;230150;12;3;18;2;0;0;5;2;0;0;0;0;0;0;0;0;0;0;0;0;0;0;5;2;0;0;0;0;0;0;0;0;0;0; ; ;7;7;0;0;172;2562;172
17;1701;170150;12;3;18;2;2;4;1;1;0;0;0;5;0;0;0;0;0;2;2;0;2;4;1;1;0;0;0;5;0;0;0;0;0;2; ; ;15;15;0;1;995;5490;438
03;0301;030150;12;3;18;2;0;0;0;0;0;0;0;0;0;0;0;0;0;11;0;0;0;0;0;0;0;0;0;0;0;0;0;0;0;11; ; ;11;11;0;1;1302;4026;710
11;1102;110250;12;3;18;2;3;1;2;3;0;2;0;1;0;0;0;0;0;0;1;0;3;1;2;3;0;2;0;1;0;0;0;0;0;0; ; ;12;12;1;0;400;4392;235
18;1801;180150;1;5;18;2;14;0;0;3;0;0;0;0;0;0;0;0;0;0;2;2;14;0;0;3;0;0;0;0;0;0;0;0;0;0; ; ;17;17;1;0;873;6205;424
07;0706;070650;12;3;18;2;1;0;7;9;0;0;0;0;0;0;0;0;0;0;0;0;1;0;7;9;0;0;0;0;0;0;0;0;0;0; ; ;17;17;4;4;1681;4236;401
07;0709;070950;12;3;18;2;0;2;3;3;0;0;0;7;0;1;0;0;0;2;3;0;0;2;3;3;0;0;0;7;0;1;0;0;0;2; ; ;18;18;2;2;1036;6588;610
07;0710;071050;12;3;18;2;0;0;0;5;0;0;0;0;0;0;0;0;0;10;0;0;0;0;0;5;0;0;0;0;0;0;0;0;0;10; ; ;15;15;3;5;2899;5490;1496
07;0701;070150;12;3;18;2;0;0;0;2;0;0;0;0;0;0;0;0;0;10;0;0;0;0;0;2;0;0;0;0;0;0;0;0;0;10; ; ;12;12;1;0;132;4392;112
12;1210;121050;12;3;18;2;0;0;0;1;0;0;0;0;0;0;0;0;0;16;2;0;0;0;0;1;0;0;0;0;0;0;0;0;0;16; ; ;17;17;0;0;646;6222;556
23;2301;230150;12;3;18;2;2;4;4;4;0;0;0;0;0;0;0;0;0;0;2;0;2;4;4;4;0;0;0;0;0;0;0;0;0;0; ; ;14;14;0;0;88;5124;76
15;1501;150150;12;3;18;2;0;1;1;1;0;0;0;0;0;0;0;0;0;2;1;0;0;1;1;1;0;0;0;0;0;0;0;0;0;2; ; ;5;5;0;0;28;1825;19
23;2301;230150;17;2;18;2;1;0;0;5;0;0;0;0;0;0;0;0;0;0;0;0;1;0;0;5;0;0;0;0;0;0;0;0;0;0; ; ;6;6;0;0;57;2010;56
17;1702;170250;12;3;18;2;0;1;0;4;0;0;0;0;0;0;0;0;0;6;0;0;0;1;0;4;0;0;0;0;0;0;0;0;0;6; ; ;11;11;0;0;264;4026;202
17;1701;170150;12;3;18;2;0;0;0;0;0;0;0;0;0;0;0;0;0;25;0;0;0;0;0;0;0;0;0;0;0;0;0;0;0;25; ; ;25;25;23;74;2337;9150;181
17;1705;170550;12;3;18;2;0;0;0;0;0;0;0;0;0;0;0;0;0;4;0;0;0;0;0;0;0;0;0;0;0;0;0;0;0;4; ; ;4;4;3;0;427;1460;383
17;1701;170150;15;1;18;2;0;0;0;0;0;0;0;6;0;0;0;0;0;0;0;0;0;0;0;0;0;0;0;6;0;0;0;0;0;0; ; ;6;6;0;0;965;2196;930
22;2201;220150;12;3;18;2;5;3;5;1;0;0;1;3;0;2;0;2;0;0;0;0;5;3;5;1;0;0;1;3;0;2;0;2;0;0; ; ;22;22;0;0;274;8030;156
17;1701;170150;6;2;18;2;0;0;0;0;0;0;37;0;0;0;0;0;0;0;0;0;0;0;0;0;0;0;36;0;0;0;0;0;0;0; ; ;37;36;0;0;9967;13325;220
22;2201;220150;12;3;18;2;26;2;6;0;0;0;0;0;0;0;0;0;0;0;0;0;26;2;6;0;0;0;0;0;0;0;0;0;0;0; ; ;34;34;0;1;678;12410;401
01;0113;011350;12;3;18;2;5;1;0;0;0;0;0;0;0;0;0;0;0;0;0;0;5;1;0;0;0;0;0;0;0;0;0;0;0;0; ; ;6;6;0;0;91;2196;45
18;1808;180850;1;5;18;2;0;0;0;0;0;0;0;0;0;0;0;0;0;5;0;0;0;0;0;0;0;0;0;0;0;0;0;0;0;5; ; ;5;5;0;0;94;1825;56
07;0701;070150;12;3;18;2;0;0;0;0;0;0;0;0;0;0;0;0;0;4;1;0;0;0;0;0;0;0;0;0;0;0;0;0;0;4; ; ;4;4;0;0;111;1363;89
07;0707;070750;12;3;18;2;0;1;5;0;0;0;0;0;0;0;0;0;0;0;1;0;0;1;5;0;0;0;0;0;0;0;0;0;0;0; ; ;6;6;0;0;242;1832;129
07;0707;070750;12;3;18;2;0;0;0;0;0;0;0;0;0;0;0;0;0;5;1;0;0;0;0;0;0;0;0;0;0;0;0;0;0;5; ; ;5;5;0;0;229;1583;137
07;0710;071050;12;3;18;2;0;0;0;3;0;0;0;0;0;0;0;0;0;8;0;0;0;0;0;3;0;0;0;0;0;0;0;0;0;8; ; ;11;11;1;1;618;4026;476
09;0901;090150;12;3;18;2;0;0;0;0;0;0;0;0;0;0;0;0;0;10;0;0;0;0;0;0;0;0;0;0;0;0;0;0;0;10; ; ;10;10;1;0;21;3660;13
09;0901;090150;12;3;18;2;2;2;1;1;0;0;0;0;0;0;0;0;0;4;0;0;2;2;1;1;0;0;0;0;0;0;0;0;0;3; ; ;10;9;0;0;185;3660;46
09;0901;090150;12;3;18;2;0;0;5;0;0;0;0;0;0;0;0;0;0;0;1;0;0;0;5;0;0;0;0;0;0;0;0;0;0;0; ; ;5;5;0;0;252;1630;251
09;0901;090150;12;3;18;2;0;0;4;0;0;0;0;0;0;0;0;0;0;0;0;0;0;0;3;0;0;0;0;0;0;0;0;0;0;0; ; ;4;3;0;0;8;1100;8
09;0906;090650;12;3;18;2;0;0;0;0;0;0;0;0;0;0;0;0;0;15;0;0;0;0;0;0;0;0;0;0;0;0;0;0;0;15; ; ;15;15;0;0;287;5490;269
09;0920;092056;12;3;18;2;8;1;1;1;0;0;0;0;0;0;0;0;0;0;0;0;8;1;1;1;0;0;0;0;0;0;0;0;0;0; ; ;11;11;0;0;276;4026;259
09;0921;092150;12;3;18;2;0;0;0;0;0;0;0;0;0;0;0;0;0;21;3;0;0;0;0;0;0;0;0;0;0;0;0;0;0;21; ; ;21;21;0;0;327;7686;165
13;1308;130850;12;3;18;2;0;0;0;3;0;0;0;0;0;0;0;0;0;15;2;3;0;0;0;3;0;0;0;0;0;0;0;0;0;15; ; ;18;18;0;0;1142;4932;250
13;1308;130850;12;3;18;2;0;0;0;0;0;0;0;0;0;0;4;0;0;0;0;0;0;0;0;0;0;0;0;0;0;0;4;0;0;0; ; ;4;4;0;0;77;364;47
09;0901;090150;12;3;18;2;0;0;0;0;0;0;0;0;0;0;0;0;0;6;0;0;0;0;0;0;0;0;0;0;0;0;0;0;0;6; ; ;6;6;0;0;8;912;8
01;0101;010150;12;3;18;2;0;0;0;0;0;0;0;0;0;0;0;0;0;9;0;0;0;0;0;0;0;0;0;0;0;0;0;0;0;9; ; ;9;9;1;0;410;3294;219
09;0901;090150;12;3;18;2;0;0;0;0;0;0;0;0;0;0;0;0;0;18;2;0;0;0;0;0;0;0;0;0;0;0;0;0;0;18; ; ;18;18;50;0;1477;6436;1318
23;2301;230150;12;3;18;2;0;0;0;3;0;0;0;0;0;0;0;0;0;5;0;0;0;0;0;3;0;0;0;0;0;0;0;0;0;5; ; ;8;8;0;0;347;2928;288
23;2301;230150;12;3;18;2;0;2;2;2;0;0;0;0;0;0;0;0;0;0;0;0;0;2;2;2;0;0;0;0;0;0;0;0;0;0; ; ;6;6;0;0;126;418;62
23;2301;230150;12;3;18;2;4;2;2;7;0;0;0;0;2;0;0;0;0;0;3;0;4;2;2;7;0;0;0;0;2;0;0;0;0;0; ; ;17;17;2;0;818;6222;551
09;0901;090103;12;3;18;2;3;3;2;1;0;0;0;1;0;0;0;0;0;0;1;1;3;3;2;1;0;0;0;1;0;0;0;0;0;0; ; ;10;10;0;2;132;910;82
13;1322;132250;12;3;18;2;5;6;3;4;0;0;0;0;0;0;0;0;0;0;0;0;5;6;3;4;0;0;0;0;0;0;0;0;0;0; ; ;18;18;0;0;269;6588;119
13;1303;130350;12;3;18;2;0;0;2;6;0;0;0;0;0;0;0;0;0;12;3;0;0;0;2;6;0;0;0;0;0;0;0;0;0;12; ; ;20;20;1;0;728;7320;518
09;0906;090650;12;3;18;2;6;3;1;0;0;0;0;0;0;0;0;0;0;0;6;0;6;3;1;0;0;0;0;0;0;0;0;0;0;0; ; ;10;10;0;0;352;3660;332
09;0916;091650;12;3;18;2;0;0;0;0;0;0;0;0;0;0;0;0;0;8;0;0;0;0;0;0;0;0;0;0;0;0;0;0;0;7; ; ;8;7;0;0;202;2714;128
09;0910;091050;12;3;18;2;0;0;12;0;0;0;0;0;0;0;0;0;0;0;0;0;0;0;12;0;0;0;0;0;0;0;0;0;0;0; ; ;12;12;0;0;3;4392;2
13;1315;131550;12;3;18;2;0;2;1;0;0;0;0;0;0;0;0;0;0;7;3;0;0;2;1;0;0;0;0;0;0;0;0;0;0;7; ; ;10;10;1;0;615;3660;532
07;0701;070150;12;3;18;2;0;0;0;0;0;0;0;0;0;0;0;0;0;10;0;0;0;0;0;0;0;0;0;0;0;0;0;0;0;10; ; ;10;10;0;0;69;3531;69
07;0707;070750;12;3;18;2;1;0;0;0;0;0;0;0;0;0;0;0;0;3;0;0;1;0;0;0;0;0;0;0;0;0;0;0;0;3; ; ;4;4;0;0;129;1337;93
